SECRETARÍA;CÓDIGO DEPARTAMENTO;DEPARTAMENTO;CÓDIGO MUNICIPIO;MUNICIPIO;CÓDIGO INSTITUCIÓN;NOMBRE INSTITUCIÓN;CÓDIGO SEDE;NOMBRE SEDE;ZONA;DIRECCIÓN;TELÉFONO;ESTADO SEDE;NIVELES OFRECIDOS;MODELOS OFRECIDOS;GRADOS OFRECIDOS;latitud;longitud;Elevacion;;;;;;;;;;;;;;;;;
CUNDINAMARCA;25;CUNDINAMARCA;25053;ARBELÁEZ;125053000018;INSTITUCION EDUCATIVA DEPARTAMENTAL JOHN F. KENNEDY;125053000018;INSTITUCION EDUCATIVA DEPARTAMENTAL JOHN F. KENNEDY;URBANA;AVENIDA 7ª Nº. 9 - 101;8686428;LEGALIZADO;PREESCOLAR,BÁSICA SECUNDARIA,BÁSICA PRIMARIA,MEDIA VOCACIONAL;PROGRAMA PARA JÓVENES EN EXTRAEDAD Y ADULTOS,EDUCACIÓN TRADICIONAL;0,1,2,3,4,5,6,7,8,9,10,11,21,22,23,24,25,26;;;;;;;;;;;;;;;;;;;;
CUNDINAMARCA;25;CUNDINAMARCA;25053;ARBELÁEZ;225053000187;INSTITUCION EDUCATIVA DEPARTAMENTAL RURAL ZARAGOZA;225053000187;INST. EDUC. DEPTAL RURAL ZARAGOZA;RURAL;SECTOR ZARAGOZA;3125017346;LEGALIZADO;PREESCOLAR,BÁSICA SECUNDARIA,BÁSICA PRIMARIA,MEDIA VOCACIONAL;EDUCACIÓN TRADICIONAL;0,1,2,3,4,5,6,7,8,9,10,11;;;;;;;;;;;;;;;;;;;;
CUNDINAMARCA;25;CUNDINAMARCA;25053;ARBELÁEZ;225053000187;INSTITUCION EDUCATIVA DEPARTAMENTAL RURAL ZARAGOZA;225053000179;ESCUELA RURAL  LA VICTORIA;RURAL;SECTOR LA VICTORIA;3125017346;LEGALIZADO;PREESCOLAR,BÁSICA PRIMARIA;EDUCACIÓN TRADICIONAL;0,1,2,3,4,5;;;;;;;;;;;;;;;;;;;;
CUNDINAMARCA;25;CUNDINAMARCA;25053;ARBELÁEZ;225053000187;INSTITUCION EDUCATIVA DEPARTAMENTAL RURAL ZARAGOZA;225053000080;ESCUELA RURAL  LA ARABIA;RURAL;SECTOR LA ARABIA;3125017346;LEGALIZADO;PREESCOLAR,BÁSICA PRIMARIA;EDUCACIÓN TRADICIONAL;0,1,2,3,4,5;;;;;;;;;;;;;;;;;;;;
CUNDINAMARCA;25;CUNDINAMARCA;25053;ARBELÁEZ;225053000187;INSTITUCION EDUCATIVA DEPARTAMENTAL RURAL ZARAGOZA;225053000063;ESCUELA RURAL  EL SALITRE;RURAL;VEREDA EL SALITRE;3125017346;LEGALIZADO;PREESCOLAR,BÁSICA PRIMARIA;EDUCACIÓN TRADICIONAL;0,1,2,3,4,5;4.214148;-74.32919;2805.7;;;;;;;;;;;;;;;;;
CUNDINAMARCA;25;CUNDINAMARCA;25053;ARBELÁEZ;225053000187;INSTITUCION EDUCATIVA DEPARTAMENTAL RURAL ZARAGOZA;225053000161;ESCUELA RURAL  LAS MERCEDES;RURAL;SECTOR  LA DORADA;3125017346;LEGALIZADO;PREESCOLAR,BÁSICA PRIMARIA;EDUCACIÓN TRADICIONAL;0,1,2,3,4,5;;;;;;;;;;;;;;;;;;;;
CUNDINAMARCA;25;CUNDINAMARCA;25053;ARBELÁEZ;225053000187;INSTITUCION EDUCATIVA DEPARTAMENTAL RURAL ZARAGOZA;225053000331;ESCUELA RURAL  SAN RAFAEL;RURAL;SECTOR SN RAFAEL;3125017346;LEGALIZADO;PREESCOLAR,BÁSICA PRIMARIA;EDUCACIÓN TRADICIONAL;0,1,2,3,4,5;;;;;;;;;;;;;;;;;;;;
CUNDINAMARCA;25;CUNDINAMARCA;25053;ARBELÁEZ;225053000187;INSTITUCION EDUCATIVA DEPARTAMENTAL RURAL ZARAGOZA;225053000365;ESCUELA RURAL PARAMILLO BAJO;RURAL;SECTOR LA HOYA;3125017346;LEGALIZADO;PREESCOLAR,BÁSICA PRIMARIA;EDUCACIÓN TRADICIONAL;0,1,2,3,4,5;;;;;;;;;;;;;;;;;;;;
CUNDINAMARCA;25;CUNDINAMARCA;25053;ARBELÁEZ;225053000187;INSTITUCION EDUCATIVA DEPARTAMENTAL RURAL ZARAGOZA;225053000250;ESCUELA RURAL  SANTA BARBARA;RURAL;SECTOR CASABLANCA;3125017346;LEGALIZADO;PREESCOLAR,BÁSICA PRIMARIA;EDUCACIÓN TRADICIONAL;0,1,2,3,4,5;;;;;;;;;;;;;;;;;;;;
CUNDINAMARCA;25;CUNDINAMARCA;25053;ARBELÁEZ;425053000402;INSTITUCION EDUCATIVA DEPARTAMENTAL KIRPALAMAR;225053000349;ESCUELA  RURAL BERLIN;RURAL;VEREDA SAN LUIS ALTO;3112325581;LEGALIZADO;PREESCOLAR,BÁSICA PRIMARIA;EDUCACIÓN TRADICIONAL;0,1,2,3,4,5;4.232833;-74.42738;1740.9;;;;;;;;;;;;;;;;;
CUNDINAMARCA;25;CUNDINAMARCA;25053;ARBELÁEZ;425053000402;INSTITUCION EDUCATIVA DEPARTAMENTAL KIRPALAMAR;225053000071;ESCUELA RURAL  EL RECUERDO;RURAL;VEREDA SAN MIGUEL;3112325581;LEGALIZADO;PREESCOLAR,BÁSICA SECUNDARIA,BÁSICA PRIMARIA;EDUCACIÓN TRADICIONAL;0,1,2,3,4,5,6;4.239218;-74.40837;1780;;;;;;;;;;;;;;;;;
CUNDINAMARCA;25;CUNDINAMARCA;25053;ARBELÁEZ;425053000402;INSTITUCION EDUCATIVA DEPARTAMENTAL KIRPALAMAR;225053000241;ESCUELA RURAL  SAN ROQUE;RURAL;VDA SAN ROQUE SECTOR JICUA;3112325581;LEGALIZADO;PREESCOLAR,BÁSICA PRIMARIA;EDUCACIÓN TRADICIONAL;0,1,2,3,4,5;4.265457;-74.45909;1123.9;;;;;;;;;;;;;;;;;
CUNDINAMARCA;25;CUNDINAMARCA;25053;ARBELÁEZ;425053000402;INSTITUCION EDUCATIVA DEPARTAMENTAL KIRPALAMAR;225053000098;ESCUELA RURAL  EL VERGEL;RURAL;VDA SAN LUIS;3112325581;LEGALIZADO;PREESCOLAR,BÁSICA PRIMARIA;EDUCACIÓN TRADICIONAL;0,1,2,3,4,5;4.238968;-74.42317;1684.9;;;;;;;;;;;;;;;;;
CUNDINAMARCA;25;CUNDINAMARCA;25053;ARBELÁEZ;425053000402;INSTITUCION EDUCATIVA DEPARTAMENTAL KIRPALAMAR;225053000284;ESCUELA RURAL VERSALLES;RURAL;VDASANTA ROSA ALTA SECTOR VERSALLES;3112325581;LEGALIZADO;PREESCOLAR,BÁSICA SECUNDARIA,BÁSICA PRIMARIA;EDUCACIÓN TRADICIONAL;0,1,2,3,4,5,6,7;4.238968;-74.42317;1684.9;;;;;;;;;;;;;;;;;
CUNDINAMARCA;25;CUNDINAMARCA;25053;ARBELÁEZ;425053000402;INSTITUCION EDUCATIVA DEPARTAMENTAL KIRPALAMAR;225053000411;ESCUELA RURAL EL CUARTEL;RURAL;VDA HATO VIEJO SECTOR EL CUARTEL;3112325581;LEGALIZADO;PREESCOLAR,BÁSICA PRIMARIA;EDUCACIÓN TRADICIONAL;0,1,2,3,4,5;4.249005;-74.45769;1194.5;;;;;;;;;;;;;;;;;
CUNDINAMARCA;25;CUNDINAMARCA;25053;ARBELÁEZ;425053000402;INSTITUCION EDUCATIVA DEPARTAMENTAL KIRPALAMAR;225053000233;ESCUELA RURAL DE SAN MIGUEL;RURAL;VDA SAN MIGUEL;3112325581;LEGALIZADO;PREESCOLAR,BÁSICA SECUNDARIA,BÁSICA PRIMARIA;EDUCACIÓN TRADICIONAL;0,1,2,3,4,5,6;;;;;;;;;;;;;;;;;;;;
CUNDINAMARCA;25;CUNDINAMARCA;25053;ARBELÁEZ;425053000402;INSTITUCION EDUCATIVA DEPARTAMENTAL KIRPALAMAR;225053000276;ESCUELA  RURAL TISCINCE;RURAL;VDA SAN PATRICIO SECTOR TISCINCE;3112325581;LEGALIZADO;PREESCOLAR,BÁSICA PRIMARIA;EDUCACIÓN TRADICIONAL;0,1,2,3,4,5;;;;;;;;;;;;;;;;;;;;
CUNDINAMARCA;25;CUNDINAMARCA;25053;ARBELÁEZ;425053000402;INSTITUCION EDUCATIVA DEPARTAMENTAL KIRPALAMAR;225053000225;ESCUELA RURAL DE SAN LUIS;RURAL;VDA SAN LUIS ARBELAEZ;3112325581;LEGALIZADO;PREESCOLAR,BÁSICA SECUNDARIA,BÁSICA PRIMARIA;EDUCACIÓN TRADICIONAL;0,1,2,3,4,5,6;;;;;;;;;;;;;;;;;;;;
CUNDINAMARCA;25;CUNDINAMARCA;25053;ARBELÁEZ;425053000402;INSTITUCION EDUCATIVA DEPARTAMENTAL KIRPALAMAR;225053000209;ESCUELA RURAL SABANETA;RURAL;VDA SAN PATRICIO SECTOR SABANETA;3112325581;LEGALIZADO;PREESCOLAR,BÁSICA PRIMARIA,PRIMERA INFANCIA;EDUCACIÓN TRADICIONAL;-3,0,1,2,3,4,5;4.242313;-74.44085;1424.2;;;;;;;;;;;;;;;;;
CUNDINAMARCA;25;CUNDINAMARCA;25053;ARBELÁEZ;425053000402;INSTITUCION EDUCATIVA DEPARTAMENTAL KIRPALAMAR;225053000021;ESCUELA RURAL EL TRIUNFO;RURAL;VDA   HATO VIEJO;3112325581;LEGALIZADO;PREESCOLAR,BÁSICA PRIMARIA;EDUCACIÓN TRADICIONAL;0,1,2,3,4,5;;;;;;;;;;;;;;;;;;;;
CUNDINAMARCA;25;CUNDINAMARCA;25053;ARBELÁEZ;425053000402;INSTITUCION EDUCATIVA DEPARTAMENTAL KIRPALAMAR;225053000268;ESCUELA RURAL  SANTA ROSA;RURAL;VEREDA SANTA ROSA;3112325581;LEGALIZADO;PREESCOLAR,BÁSICA PRIMARIA;EDUCACIÓN TRADICIONAL;0,1,2,3,4,5;;;;;;;;;;;;;;;;;;;;
CUNDINAMARCA;25;CUNDINAMARCA;25053;ARBELÁEZ;425053000402;INSTITUCION EDUCATIVA DEPARTAMENTAL KIRPALAMAR;225053000136;ESCUELA RURAL  LA LAJITA;RURAL;VDA SAN ANTONIO SECTOR LA LAJITA;3112325581;LEGALIZADO;PREESCOLAR,BÁSICA PRIMARIA;EDUCACIÓN TRADICIONAL;0,1,2,3,4,5;4.265178;-74.40941;1455.6;;;;;;;;;;;;;;;;;
CUNDINAMARCA;25;CUNDINAMARCA;25053;ARBELÁEZ;425053000402;INSTITUCION EDUCATIVA DEPARTAMENTAL KIRPALAMAR;225053000128;ESCUELA RURAL  DE LA HONDA;RURAL;VDA SAN LUIS SECTOR LA HONDA;3112325581;LEGALIZADO;PREESCOLAR,BÁSICA PRIMARIA;EDUCACIÓN TRADICIONAL;0,1,2,3,4,5;;;;;;;;;;;;;;;;;;;;
CUNDINAMARCA;25;CUNDINAMARCA;25053;ARBELÁEZ;425053000402;INSTITUCION EDUCATIVA DEPARTAMENTAL KIRPALAMAR;225053000144;ESCUELA RURAL  LA MESA;RURAL;VDA SAN JOSE SECTOR LA MESA;3112325581;LEGALIZADO;PREESCOLAR,BÁSICA PRIMARIA;EDUCACIÓN TRADICIONAL;-1,0,1,2,3,4,5;4.269083;-74.44226;1215.1;;;;;;;;;;;;;;;;;
CUNDINAMARCA;25;CUNDINAMARCA;25053;ARBELÁEZ;425053000402;INSTITUCION EDUCATIVA DEPARTAMENTAL KIRPALAMAR;425053000402;COLEGIO  KIRPALAMAR;RURAL;K 2 VIA SAN BERNARDO;3112325581;LEGALIZADO;PREESCOLAR,BÁSICA SECUNDARIA,BÁSICA PRIMARIA,MEDIA VOCACIONAL;EDUCACIÓN TRADICIONAL;0,1,2,3,4,5,6,7,8,9,10,11;;;;;;;;;;;;;;;;;;;;
CUNDINAMARCA;25;CUNDINAMARCA;25053;ARBELÁEZ;425053000402;INSTITUCION EDUCATIVA DEPARTAMENTAL KIRPALAMAR;225053000217;ESCUELA RURAL  EL SAMANO;RURAL;VDA SAN ROQUE SECTOR EL SAMANO;3112325581;LEGALIZADO;PREESCOLAR,BÁSICA SECUNDARIA,BÁSICA PRIMARIA;EDUCACIÓN TRADICIONAL;0,1,2,3,4,5,7;;;;;;;;;;;;;;;;;;;;
CUNDINAMARCA;25;CUNDINAMARCA;25053;ARBELÁEZ;425053000453;GIMNASIO CAMPESTRE LOS CHANITOS                                       ;625053000005;GIM CAMP LOS CHANITOS                                       ;URBANA;VDA SANTA BERBARA KM 1 VIA FUSAGASUGA;8686412;POR APROBAR;PREESCOLAR,BÁSICA PRIMARIA;EDUCACIÓN TRADICIONAL;-2,-1,0,1,2,3,4,5;;;;;;;;;;;;;;;;;;;;
CUNDINAMARCA;25;CUNDINAMARCA;25053;ARBELÁEZ;125053000018;INSTITUCION EDUCATIVA DEPARTAMENTAL JOHN F. KENNEDY;125053000379;JARDIN INFANTIL DEPARTAMENTAL DE ARBELAEZ;URBANA;CARRERA 4 NO.1 90 ALTO DE LA CRUZ;8686428;LEGALIZADO;PREESCOLAR;EDUCACIÓN TRADICIONAL;0;;;;;;;;;;;;;;;;;;;;
CUNDINAMARCA;25;CUNDINAMARCA;25053;ARBELÁEZ;125053000018;INSTITUCION EDUCATIVA DEPARTAMENTAL JOHN F. KENNEDY;125053000042;ESCUELA URBANA ANTONIO NARIÑO;URBANA;CALLE 5 NO. 2 20;8686428;LEGALIZADO;BÁSICA PRIMARIA;EDUCACIÓN TRADICIONAL;1,2,3,4,5;;;;;;;;;;;;;;;;;;;;
CUNDINAMARCA;25;CUNDINAMARCA;25053;ARBELÁEZ;325053000441;GIMNASIO CRISTIANO CORA                                         ;325053000441;GIMN CRISTIANO CORA                                         ;RURAL;BARRIO SAN JOAQUIN  ARBELAEZ;8686054;LEGALIZADO;PREESCOLAR,BÁSICA SECUNDARIA,BÁSICA PRIMARIA;EDUCACIÓN TRADICIONAL;0,1,2,3,4,5,6,7,8,9;;;;;;;;;;;;;;;;;;;;
CUNDINAMARCA;25;CUNDINAMARCA;25120;CABRERA;125120000010;INSTITUCION EDUCATIVA DEPARTAMENTAL INTEGRADA DE CABRERA;225120000464;ESC. RURAL ALTO ARIARI 2;URBANA;ALTO ARIARI;8689036;LEGALIZADO;PREESCOLAR,BÁSICA PRIMARIA;EDUCACIÓN TRADICIONAL;0,1,2,3,4,5;;;;;;;;;;;;;;;;;;;;
CUNDINAMARCA;25;CUNDINAMARCA;25120;CABRERA;125120000010;INSTITUCION EDUCATIVA DEPARTAMENTAL INTEGRADA DE CABRERA;225120000596;ESCUELA SANTA MARIA;RURAL;VEREDA STA MARIA;8689036;LEGALIZADO;PREESCOLAR,BÁSICA PRIMARIA;EDUCACIÓN TRADICIONAL;0,1,2,3,4,5;3.948997;-74.45703;2538.4;;;;;;;;;;;;;;;;;
CUNDINAMARCA;25;CUNDINAMARCA;25120;CABRERA;125120000010;INSTITUCION EDUCATIVA DEPARTAMENTAL INTEGRADA DE CABRERA;125120000036;CONC URB PANAMERICANA;URBANA;KM 1 VÍA SAN JUAN;8689036;LEGALIZADO;PREESCOLAR,BÁSICA PRIMARIA;EDUCACIÓN TRADICIONAL;0,1,2,3,4,5;;;;;;;;;;;;;;;;;;;;
CUNDINAMARCA;25;CUNDINAMARCA;25120;CABRERA;125120000010;INSTITUCION EDUCATIVA DEPARTAMENTAL INTEGRADA DE CABRERA;125120000435;JARDIN INF. DEPARTAMENTAL;URBANA;K.1 VÍA SAN JUAN;8689036;LEGALIZADO;PREESCOLAR;EDUCACIÓN TRADICIONAL;0;;;;;;;;;;;;;;;;;;;;
CUNDINAMARCA;25;CUNDINAMARCA;25120;CABRERA;125120000010;INSTITUCION EDUCATIVA DEPARTAMENTAL INTEGRADA DE CABRERA;125120000010;INSTITUCION EDUCATIVA DEPARTAMENTAL INTEGRADA DE CABRERA;URBANA;KILOMETRO 1 VIA SAN JUAN;8689036;LEGALIZADO;BÁSICA SECUNDARIA,BÁSICA PRIMARIA,MEDIA VOCACIONAL;PROGRAMA PARA JÓVENES EN EXTRAEDAD Y ADULTOS,EDUCACIÓN TRADICIONAL;6,7,8,9,10,11,21,22,23,24,25,26;;;;;;;;;;;;;;;;;;;;
CUNDINAMARCA;25;CUNDINAMARCA;25120;CABRERA;125120000010;INSTITUCION EDUCATIVA DEPARTAMENTAL INTEGRADA DE CABRERA;225120000049;ESCUELA RURAL ALTO ARIARI NO. UNO;RURAL;VEREDA ALTO ARIARI;8689036;LEGALIZADO;PREESCOLAR,BÁSICA PRIMARIA;EDUCACIÓN TRADICIONAL;0,1,2,3,4,5;4.002896;-74.51118;2118.6;;;;;;;;;;;;;;;;;
CUNDINAMARCA;25;CUNDINAMARCA;25120;CABRERA;125120000010;INSTITUCION EDUCATIVA DEPARTAMENTAL INTEGRADA DE CABRERA;225120000057;ESCUELA RURAL BAJO ARIARI;RURAL;BAJO ARIARI;8689036;LEGALIZADO;PREESCOLAR,BÁSICA PRIMARIA;EDUCACIÓN TRADICIONAL;0,1,2,3,4,5;4.020589;-74.51945;1690.1;;;;;;;;;;;;;;;;;
CUNDINAMARCA;25;CUNDINAMARCA;25120;CABRERA;125120000010;INSTITUCION EDUCATIVA DEPARTAMENTAL INTEGRADA DE CABRERA;225120000073;ESCUELA RURAL SANTA LUCIA;RURAL;VEREDA SANTALUCIA;8689036;LEGALIZADO;PREESCOLAR,BÁSICA PRIMARIA;EDUCACIÓN TRADICIONAL;0,1,2,3,4,5;4.001251;-74.46737;2342.7;;;;;;;;;;;;;;;;;
CUNDINAMARCA;25;CUNDINAMARCA;25120;CABRERA;125120000010;INSTITUCION EDUCATIVA DEPARTAMENTAL INTEGRADA DE CABRERA;225120000081;ESCUELA RURAL SANTA MARTA;URBANA;VEREDA SANTA MARTHA;8689036;LEGALIZADO;PREESCOLAR,BÁSICA PRIMARIA;EDUCACIÓN TRADICIONAL;0,1,2,3,4,5;;;;;;;;;;;;;;;;;;;;
CUNDINAMARCA;25;CUNDINAMARCA;25120;CABRERA;125120000010;INSTITUCION EDUCATIVA DEPARTAMENTAL INTEGRADA DE CABRERA;225120000090;ESC STA RITA 3;URBANA;VDA STA RITA 3;8689036;LEGALIZADO;PREESCOLAR,BÁSICA PRIMARIA;EDUCACIÓN TRADICIONAL;0,1,2,3,4,5;;;;;;;;;;;;;;;;;;;;
CUNDINAMARCA;25;CUNDINAMARCA;25120;CABRERA;125120000010;INSTITUCION EDUCATIVA DEPARTAMENTAL INTEGRADA DE CABRERA;225120000103;ESC RURAL STA RITA BAJA;URBANA;VDA STA RITA BAJA;8689036;LEGALIZADO;PREESCOLAR,BÁSICA PRIMARIA;EDUCACIÓN TRADICIONAL;0,1,2,3,4,5;;;;;;;;;;;;;;;;;;;;
CUNDINAMARCA;25;CUNDINAMARCA;25120;CABRERA;125120000010;INSTITUCION EDUCATIVA DEPARTAMENTAL INTEGRADA DE CABRERA;225120000120;ESCUELA RURAL QUEBRADA NEGRA;RURAL;VEREDA QUEBRADA NEGRA;8689036;LEGALIZADO;PREESCOLAR,BÁSICA PRIMARIA;EDUCACIÓN TRADICIONAL;0,1,2,3,4,5;3.936242;-74.48927;2221.1;;;;;;;;;;;;;;;;;
CUNDINAMARCA;25;CUNDINAMARCA;25120;CABRERA;125120000010;INSTITUCION EDUCATIVA DEPARTAMENTAL INTEGRADA DE CABRERA;225120000162;ESCUELA RURAL NUÑEZ;RURAL;NUÑEZ;8689036;LEGALIZADO;PREESCOLAR,BÁSICA PRIMARIA;EDUCACIÓN TRADICIONAL;0,1,2,3,4,5;3.906206;-74.50415;2447.8;;;;;;;;;;;;;;;;;
CUNDINAMARCA;25;CUNDINAMARCA;25120;CABRERA;125120000010;INSTITUCION EDUCATIVA DEPARTAMENTAL INTEGRADA DE CABRERA;225120000189;ESC. RURAL PAQUILO;RURAL;PAQUILO;8689036;LEGALIZADO;PREESCOLAR,BÁSICA PRIMARIA;EDUCACIÓN TRADICIONAL;0,1,2,3,4,5;3.989319;-74.38055;2829.5;;;;;;;;;;;;;;;;;
CUNDINAMARCA;25;CUNDINAMARCA;25120;CABRERA;125120000010;INSTITUCION EDUCATIVA DEPARTAMENTAL INTEGRADA DE CABRERA;225120000197;PEÑAS BLANCAS BAJA;RURAL;PEÑAS BLANCAS;8689036;LEGALIZADO;PREESCOLAR,BÁSICA PRIMARIA;EDUCACIÓN TRADICIONAL;0,1,2,3,4,5;3.983558;-74.41486;2617.5;;;;;;;;;;;;;;;;;
CUNDINAMARCA;25;CUNDINAMARCA;25120;CABRERA;125120000010;INSTITUCION EDUCATIVA DEPARTAMENTAL INTEGRADA DE CABRERA;225120000219;ESCUELA RURAL LA PLAYA;RURAL;VEREDA LA PLAYA;8689036;LEGALIZADO;PREESCOLAR,BÁSICA PRIMARIA;EDUCACIÓN TRADICIONAL;0,1,2,3,4,5;3.965866;-74.36608;2907.9;;;;;;;;;;;;;;;;;
CUNDINAMARCA;25;CUNDINAMARCA;25120;CABRERA;125120000010;INSTITUCION EDUCATIVA DEPARTAMENTAL INTEGRADA DE CABRERA;225120000227;ESCUELA RURAL PUEBLO VIEJO;RURAL;VEREDA PUEBLO VIEJO;8689036;LEGALIZADO;PREESCOLAR,BÁSICA PRIMARIA;EDUCACIÓN TRADICIONAL;0,1,2,3,4,5;3.95846;-74.40411;2502.5;;;;;;;;;;;;;;;;;
CUNDINAMARCA;25;CUNDINAMARCA;25120;CABRERA;125120000010;INSTITUCION EDUCATIVA DEPARTAMENTAL INTEGRADA DE CABRERA;225120000251;ESCUELA RURAL LAS AGUILAS;RURAL;VEREDA LAS AGUILAS;8689036;LEGALIZADO;PREESCOLAR,BÁSICA PRIMARIA;EDUCACIÓN TRADICIONAL;0,1,2,3,4,5;3.857244;-74.42892;3444.3;;;;;;;;;;;;;;;;;
CUNDINAMARCA;25;CUNDINAMARCA;25120;CABRERA;125120000010;INSTITUCION EDUCATIVA DEPARTAMENTAL INTEGRADA DE CABRERA;225120000278;PEÑAS BLANCAS ALTA;RURAL;PEÑAS BLANCAS ALTA;8689036;LEGALIZADO;PREESCOLAR,BÁSICA PRIMARIA;EDUCACIÓN TRADICIONAL;0,1,2,3,4,5;3.956815;-74.43595;2203.3;;;;;;;;;;;;;;;;;
CUNDINAMARCA;25;CUNDINAMARCA;25120;CABRERA;125120000010;INSTITUCION EDUCATIVA DEPARTAMENTAL INTEGRADA DE CABRERA;225120000286;ESCUELA RURAL HOYERIAS;RURAL;HOYERIAS;8689036;LEGALIZADO;PREESCOLAR,BÁSICA PRIMARIA;EDUCACIÓN TRADICIONAL;0,1,2,3,4,5;3.942825;-74.38427;3159.4;;;;;;;;;;;;;;;;;
CUNDINAMARCA;25;CUNDINAMARCA;25120;CABRERA;125120000010;INSTITUCION EDUCATIVA DEPARTAMENTAL INTEGRADA DE CABRERA;225120000383;ESCUELA RURAL SAN ISIDRO;RURAL;VEREDA SAN ISIDRO;8689036;LEGALIZADO;PREESCOLAR,BÁSICA PRIMARIA;EDUCACIÓN TRADICIONAL;0,1,2,3,4,5;3.975329;-74.48431;2061.5;;;;;;;;;;;;;;;;;
CUNDINAMARCA;25;CUNDINAMARCA;25120;CABRERA;125120000010;INSTITUCION EDUCATIVA DEPARTAMENTAL INTEGRADA DE CABRERA;225020000138;ESCUELA RURAL CANADA;URBANA;VEREDA CANADA;;POR APROBAR;;;;;;;;;;;;;;;;;;;;;;;
FUSAGASUGA;25;CUNDINAMARCA;25290;FUSAGASUGÁ;125290000103;UNID. EDUC. MPAL. CARLOS LOZANO Y LOZANO;125290000103;CARLOS LOZANO Y LOZANO;URBANA;TV 12 # 16BIS-56;8730813;LEGALIZADO;BÁSICA SECUNDARIA,MEDIA VOCACIONAL;PROGRAMA PARA JÓVENES EN EXTRAEDAD Y ADULTOS,EDUCACIÓN TRADICIONAL;6,7,8,9,10,11,23,24,25,26;;;;;;;;;;;;;;;;;;;;
FUSAGASUGA;25;CUNDINAMARCA;25290;FUSAGASUGÁ;125290000103;UNID. EDUC. MPAL. CARLOS LOZANO Y LOZANO;125290000863;TULIPANA;URBANA;TV 12 # 16BIS-57;8730814;LEGALIZADO;BÁSICA PRIMARIA;EDUCACIÓN TRADICIONAL;3,4,5;;;;;;;;;;;;;;;;;;;;
FUSAGASUGA;25;CUNDINAMARCA;25290;FUSAGASUGÁ;125290000103;UNID. EDUC. MPAL. CARLOS LOZANO Y LOZANO;125290000570;POTOSI;URBANA;TV 12 # 16BIS-58;8730815;LEGALIZADO;BÁSICA PRIMARIA;EDUCACIÓN TRADICIONAL;1,2,3;;;;;;;;;;;;;;;;;;;;
FUSAGASUGA;25;CUNDINAMARCA;25290;FUSAGASUGÁ;125290000103;UNID. EDUC. MPAL. CARLOS LOZANO Y LOZANO;125290000251;JARDIN INFANTIL LA TULIPANA;URBANA;TV 12 # 16BIS-59;8730816;LEGALIZADO;PREESCOLAR,BÁSICA PRIMARIA;EDUCACIÓN TRADICIONAL;0.1;;;;;;;;;;;;;;;;;;;;
FUSAGASUGA;25;CUNDINAMARCA;25290;FUSAGASUGÁ;225290000311;UNID. EDUC. MPAL. CAMPESTRE NUEVO HORIZONTE;225290000370;EL PLACER;RURAL;VDA EL PLACER;868 0658;LEGALIZADO;PREESCOLAR,BÁSICA PRIMARIA;ESCUELA NUEVA;-1,0,1,2,3,4,5;;;;;;;;;;;;;;;;;;;;
FUSAGASUGA;25;CUNDINAMARCA;25290;FUSAGASUGÁ;225290000311;UNID. EDUC. MPAL. CAMPESTRE NUEVO HORIZONTE;225290000337;ESPINALITO BAJO;RURAL;VDA ESPINALITO BAJO;869 0658;LEGALIZADO;PREESCOLAR,BÁSICA PRIMARIA;ESCUELA NUEVA;0,1,2,3,4,5;;;;;;;;;;;;;;;;;;;;
FUSAGASUGA;25;CUNDINAMARCA;25290;FUSAGASUGÁ;225290000311;UNID. EDUC. MPAL. CAMPESTRE NUEVO HORIZONTE;225290000418;GUAYABAL;RURAL;VDA GUAYABAL;870 0658;LEGALIZADO;PREESCOLAR,BÁSICA PRIMARIA;ESCUELA NUEVA;0,1,2,3,4,5;4.292891;-74.40458;1375;;;;;;;;;;;;;;;;;
FUSAGASUGA;25;CUNDINAMARCA;25290;FUSAGASUGÁ;225290000311;UNID. EDUC. MPAL. CAMPESTRE NUEVO HORIZONTE;225290000426;LA ISLA;RURAL;VDA LA ISLA;871 0658;LEGALIZADO;PREESCOLAR,BÁSICA PRIMARIA;ESCUELA NUEVA;0,1,2,3,4,5;4.312923;-74.38643;1621.2;;;;;;;;;;;;;;;;;
FUSAGASUGA;25;CUNDINAMARCA;25290;FUSAGASUGÁ;125290002246;UNID. EDUC. MPAL. EBEN-EZER;125290002246;CIUDAD EBEN EZER;URBANA;BRR LLANO LARGO;;POR APROBAR;BÁSICA SECUNDARIA,MEDIA VOCACIONAL;GRUPOS JUVENILES CREATIVOS,EDUCACIÓN TRADICIONAL;6,7,8,9,10,11,23,24,25,26;;;;;;;;;;;;;;;;;;;;
FUSAGASUGA;25;CUNDINAMARCA;25290;FUSAGASUGÁ;125290002246;UNID. EDUC. MPAL. EBEN-EZER;425290000662;REFUGIO INFANTIL;URBANA;CLL 22 NO 62-84;8781548;LEGALIZADO;PREESCOLAR,BÁSICA PRIMARIA;EDUCACIÓN TRADICIONAL;0,1,2,3,4,5;;;;;;;;;;;;;;;;;;;;
FUSAGASUGA;25;CUNDINAMARCA;25290;FUSAGASUGÁ;125290002246;UNID. EDUC. MPAL. EBEN-EZER;125290000189;HERNADO CARDENAS;URBANA;BRR LLANO LARGO;8721928;LEGALIZADO;PREESCOLAR,BÁSICA PRIMARIA;EDUCACIÓN TRADICIONAL;0,1,2,3,4,5;;;;;;;;;;;;;;;;;;;;
FUSAGASUGA;25;CUNDINAMARCA;25290;FUSAGASUGÁ;125290002246;UNID. EDUC. MPAL. EBEN-EZER;125290001299;JAIME GARZON;URBANA;BRR LLANO LARGO;;LEGALIZADO;PREESCOLAR,BÁSICA PRIMARIA;EDUCACIÓN TRADICIONAL;0,1,2,3,4,5;;;;;;;;;;;;;;;;;;;;
FUSAGASUGA;25;CUNDINAMARCA;25290;FUSAGASUGÁ;225290000604;UNID. EDUC. MPAL. INST. TECNICO AGRICOLA VALSALICE;225290000604;VALSALICE;RURAL;KM 47 VIA BOGOTA;8684103;LEGALIZADO;BÁSICA SECUNDARIA,MEDIA VOCACIONAL;EDUCACIÓN TRADICIONAL;6,7,8,9,10,11;;;;;;;;;;;;;;;;;;;;
FUSAGASUGA;25;CUNDINAMARCA;25290;FUSAGASUGÁ;225290000604;UNID. EDUC. MPAL. INST. TECNICO AGRICOLA VALSALICE;225290000281;CASA DE LATA;RURAL;VDA CUCHARAL;;LEGALIZADO;PREESCOLAR,BÁSICA PRIMARIA;EDUCACIÓN TRADICIONAL;0,1,2,3,4,5;;;;;;;;;;;;;;;;;;;;
FUSAGASUGA;25;CUNDINAMARCA;25290;FUSAGASUGÁ;225290000604;UNID. EDUC. MPAL. INST. TECNICO AGRICOLA VALSALICE;225290000698;CUCHARAL BAJO;RURAL;VDA CUCHARAL;;CIERRE DEFINITIVO;;;;;;;;;;;;;;;;;;;;;;;
FUSAGASUGA;25;CUNDINAMARCA;25290;FUSAGASUGÁ;225290000604;UNID. EDUC. MPAL. INST. TECNICO AGRICOLA VALSALICE;225290000736;CUCHARAL ALTO;RURAL;VDA CUCHARAL;;LEGALIZADO;PREESCOLAR,BÁSICA PRIMARIA;EDUCACIÓN TRADICIONAL;0,1,2,3,4,5;4.359558;-74.3917;1539.3;;;;;;;;;;;;;;;;;
FUSAGASUGA;25;CUNDINAMARCA;25290;FUSAGASUGÁ;225290000604;UNID. EDUC. MPAL. INST. TECNICO AGRICOLA VALSALICE;225290001759;LA CASCADA;RURAL;VDA LA CASCADA;;LEGALIZADO;PREESCOLAR,BÁSICA PRIMARIA;EDUCACIÓN TRADICIONAL;0,1,2,3,4,5;;;;;;;;;;;;;;;;;;;;
FUSAGASUGA;25;CUNDINAMARCA;25290;FUSAGASUGÁ;225290000604;UNID. EDUC. MPAL. INST. TECNICO AGRICOLA VALSALICE;225290000299;BOSACHOQUE;RURAL;VDA BOSACHOQUE;;LEGALIZADO;PREESCOLAR,BÁSICA PRIMARIA;EDUCACIÓN TRADICIONAL;0,1,2,3,4,5;4.373351;-74.38642;1489;;;;;;;;;;;;;;;;;
FUSAGASUGA;25;CUNDINAMARCA;25290;FUSAGASUGÁ;225290000604;UNID. EDUC. MPAL. INST. TECNICO AGRICOLA VALSALICE;225290001651;VIENA;RURAL;VDA VIENA;;LEGALIZADO;PREESCOLAR,BÁSICA PRIMARIA;EDUCACIÓN TRADICIONAL;0,1,2,3,4,5;4.355946;-74.41778;1241;;;;;;;;;;;;;;;;;
FUSAGASUGA;25;CUNDINAMARCA;25290;FUSAGASUGÁ;225290001317;UNID. EDUC. MPAL. FRANCISCO JOSE DE CALDAS;225290001317;FRANCISCO JOSE DE CALDAS;RURAL;VDA LA AGUADITA;;LEGALIZADO;PREESCOLAR,BÁSICA SECUNDARIA,BÁSICA PRIMARIA,MEDIA VOCACIONAL;ESCUELA NUEVA,EDUCACIÓN TRADICIONAL;0,1,2,3,4,5,6,7,8,9,10,11;4.385174;-74.32931;1942.6;;;;;;;;;;;;;;;;;
FUSAGASUGA;25;CUNDINAMARCA;25290;FUSAGASUGÁ;225290001317;UNID. EDUC. MPAL. FRANCISCO JOSE DE CALDAS;225290000850;BERMEJAL;RURAL;VDA BERMEJAL;;LEGALIZADO;PREESCOLAR,BÁSICA PRIMARIA;ESCUELA NUEVA;0,1,2,3,4,5;4.368753;-74.33261;2139.5;;;;;;;;;;;;;;;;;
FUSAGASUGA;25;CUNDINAMARCA;25290;FUSAGASUGÁ;225290001317;UNID. EDUC. MPAL. FRANCISCO JOSE DE CALDAS;225290000477;PIAMONTE;RURAL;VDA PIAMONTE;;LEGALIZADO;PREESCOLAR,BÁSICA PRIMARIA;ESCUELA NUEVA;0,1,2,3,4,5;;;;;;;;;;;;;;;;;;;;
FUSAGASUGA;25;CUNDINAMARCA;25290;FUSAGASUGÁ;225290001317;UNID. EDUC. MPAL. FRANCISCO JOSE DE CALDAS;225290000515;TIERRA NEGRA;RURAL;VDA TIERRA NEGRA;;LEGALIZADO;PREESCOLAR,BÁSICA PRIMARIA;ESCUELA NUEVA;0,1,2,3,4,5;4.362185;-74.34055;2003;;;;;;;;;;;;;;;;;
FUSAGASUGA;25;CUNDINAMARCA;25290;FUSAGASUGÁ;225290001317;UNID. EDUC. MPAL. FRANCISCO JOSE DE CALDAS;225290000540;USATHAMA;RURAL;VDA USATHAMA;;LEGALIZADO;PREESCOLAR,BÁSICA PRIMARIA;ESCUELA NUEVA;0,1,2,3,4,5;4.392727;-74.36595;1611.1;;;;;;;;;;;;;;;;;
FUSAGASUGA;25;CUNDINAMARCA;25290;FUSAGASUGÁ;225290001317;UNID. EDUC. MPAL. FRANCISCO JOSE DE CALDAS;225290000795;SAN JOSE DE PIAMONTE;RURAL;VDA SAN JOSE DE PIAMONTE;;LEGALIZADO;PREESCOLAR,BÁSICA PRIMARIA;ESCUELA NUEVA;0,1,2,3,4,5;4.376635;-74.36464;1678;;;;;;;;;;;;;;;;;
FUSAGASUGA;25;CUNDINAMARCA;25290;FUSAGASUGÁ;125290001118;UNID. EDUC. MPAL. TECNICO DE  ACCION COMUNAL;225290001473;EL LUCERO;URBANA;CLL 3 # 3-30;8734880;LEGALIZADO;BÁSICA PRIMARIA;EDUCACIÓN TRADICIONAL;2,3,4,5;;;;;;;;;;;;;;;;;;;;
FUSAGASUGA;25;CUNDINAMARCA;25290;FUSAGASUGÁ;125290001118;UNID. EDUC. MPAL. TECNICO DE  ACCION COMUNAL;125290000936;GUSTAVO VEGA ESCOBAR;URBANA;CLL 2 # 2-25;8721116;LEGALIZADO;BÁSICA PRIMARIA;EDUCACIÓN TRADICIONAL;2,3,4,5;;;;;;;;;;;;;;;;;;;;
FUSAGASUGA;25;CUNDINAMARCA;25290;FUSAGASUGÁ;125290001118;UNID. EDUC. MPAL. TECNICO DE  ACCION COMUNAL;125290000219;MANUELA BELTRAN;URBANA;KR 1 # 1-23;8721010;LEGALIZADO;PREESCOLAR,BÁSICA PRIMARIA;EDUCACIÓN TRADICIONAL;-1,0,1;;;;;;;;;;;;;;;;;;;;
FUSAGASUGA;25;CUNDINAMARCA;25290;FUSAGASUGÁ;125290001118;UNID. EDUC. MPAL. TECNICO DE  ACCION COMUNAL;225290000388;JORDAN BAJO;RURAL;VDA JORDAN BAJO;8673192;LEGALIZADO;PREESCOLAR,BÁSICA PRIMARIA;EDUCACIÓN TRADICIONAL;0,1,2,3,4;;;;;;;;;;;;;;;;;;;;
FUSAGASUGA;25;CUNDINAMARCA;25290;FUSAGASUGÁ;125290001118;UNID. EDUC. MPAL. TECNICO DE  ACCION COMUNAL;225290001741;JORDAN  ALTO;RURAL;VDA JORDAN ALTO;8675636;LEGALIZADO;PREESCOLAR,BÁSICA PRIMARIA;EDUCACIÓN TRADICIONAL;-1,0,1,2,3,4,5;4.3612;-74.35506;1802.7;;;;;;;;;;;;;;;;;
FUSAGASUGA;25;CUNDINAMARCA;25290;FUSAGASUGÁ;125290001118;UNID. EDUC. MPAL. TECNICO DE  ACCION COMUNAL;125290001118;ACCION COMUNAL;URBANA;KR 1 #8-08 NTE;8675379;LEGALIZADO;BÁSICA SECUNDARIA,BÁSICA PRIMARIA,MEDIA VOCACIONAL;PROGRAMA PARA JÓVENES EN EXTRAEDAD Y ADULTOS,EDUCACIÓN TRADICIONAL;6,7,8,9,10,11,21,22,23,24,25,26;;;;;;;;;;;;;;;;;;;;
FUSAGASUGA;25;CUNDINAMARCA;25290;FUSAGASUGÁ;125290000839;UNID. EDUC. MPAL. INST. TECNICO INDUSTRIAL;125290000839;INSTITUTO TECNICO INDUSTRIAL;URBANA;KR 6 # 16-02  BALMORAL;867 4962;LEGALIZADO;BÁSICA SECUNDARIA,MEDIA VOCACIONAL;EDUCACIÓN TRADICIONAL;6,7,8,9,10,11;;;;;;;;;;;;;;;;;;;;
FUSAGASUGA;25;CUNDINAMARCA;25290;FUSAGASUGÁ;125290000839;UNID. EDUC. MPAL. INST. TECNICO INDUSTRIAL;125290000171;GENERAL SANTANDER;URBANA;KR 6 # 13-34 LUXEMBURGO;867 1697;LEGALIZADO;PREESCOLAR,BÁSICA PRIMARIA;EDUCACIÓN TRADICIONAL;-1,0,1,2,3,4,5;;;;;;;;;;;;;;;;;;;;
FUSAGASUGA;25;CUNDINAMARCA;25290;FUSAGASUGÁ;125290000839;UNID. EDUC. MPAL. INST. TECNICO INDUSTRIAL;225290001074;LOS SAUCES;RURAL;VDA LOS SAUCES;;LEGALIZADO;BÁSICA PRIMARIA;ESCUELA NUEVA;1,2,3,4,5;4.329672;-74.34814;1934.7;;;;;;;;;;;;;;;;;
FUSAGASUGA;25;CUNDINAMARCA;25290;FUSAGASUGÁ;125290000049;UNID. EDUC. MPAL. TECNICO TEODORO AYA VILLAVECES;125290000049;TEODORO AYA VILLAVECES;URBANA;KR  6 CL 16;8672922-7762;LEGALIZADO;BÁSICA SECUNDARIA,MEDIA VOCACIONAL;PROGRAMA PARA JÓVENES EN EXTRAEDAD Y ADULTOS,EDUCACIÓN TRADICIONAL;6,7,8,9,10,11,23,24,25;;;;;;;;;;;;;;;;;;;;
FUSAGASUGA;25;CUNDINAMARCA;25290;FUSAGASUGÁ;125290001835;UNID. EDUC. MPAL. MANUEL HUMBERTO CARDENAS VELEZ;125290001835;MANUEL HUMBERTO CARDENAS VELEZ;URBANA;CLL 1 N #14B20;8733092;LEGALIZADO;BÁSICA SECUNDARIA,MEDIA VOCACIONAL;EDUCACIÓN TRADICIONAL;6,7,8,9,10,11;;;;;;;;;;;;;;;;;;;;
FUSAGASUGA;25;CUNDINAMARCA;25290;FUSAGASUGÁ;125290001835;UNID. EDUC. MPAL. MANUEL HUMBERTO CARDENAS VELEZ;125290000201;JULIO SABOGAL;URBANA;CLL 3 #8-34;8738322;LEGALIZADO;PREESCOLAR,BÁSICA PRIMARIA;EDUCACIÓN TRADICIONAL,ACELERACIÓN DEL APRENDIZAJE;-1,0,1,2,3,4,5,99;;;;;;;;;;;;;;;;;;;;
FUSAGASUGA;25;CUNDINAMARCA;25290;FUSAGASUGÁ;125290001835;UNID. EDUC. MPAL. MANUEL HUMBERTO CARDENAS VELEZ;125290000111;ANTONIA SANTOS;URBANA;KR 12 #5-42;873896;LEGALIZADO;PREESCOLAR,BÁSICA PRIMARIA;EDUCACIÓN TRADICIONAL;0,1,2,3,4,5;;;;;;;;;;;;;;;;;;;;
FUSAGASUGA;25;CUNDINAMARCA;25290;FUSAGASUGÁ;125290001835;UNID. EDUC. MPAL. MANUEL HUMBERTO CARDENAS VELEZ;225290001309;LOS RESGUARDOS;RURAL;VDA LOS RESGUARDOS;;LEGALIZADO;PREESCOLAR,BÁSICA PRIMARIA;ESCUELA NUEVA;0,1,2,3,4,5;4.360215;-74.3752;1560.7;;;;;;;;;;;;;;;;;
FUSAGASUGA;25;CUNDINAMARCA;25290;FUSAGASUGÁ;225290001198;UNID. EDUC. MPAL. GUAVIO BAJO;225290001198;GUAVIO BAJO;RURAL;VDA GUAVIO;3112779601;LEGALIZADO;PREESCOLAR,BÁSICA SECUNDARIA,BÁSICA PRIMARIA,MEDIA VOCACIONAL;ESCUELA NUEVA,EDUCACIÓN TRADICIONAL;0,1,2,3,4,5,6,7,8,9,10,11;4.273843;-74.37718;1670.1;;;;;;;;;;;;;;;;;
FUSAGASUGA;25;CUNDINAMARCA;25290;FUSAGASUGÁ;225290001198;UNID. EDUC. MPAL. GUAVIO BAJO;225290000451;MESITAS;RURAL;VDA MESITAS;;LEGALIZADO;PREESCOLAR,BÁSICA PRIMARIA;ESCUELA NUEVA;0,1,2,3,4,5;4.302086;-74.37685;1828.5;;;;;;;;;;;;;;;;;
FUSAGASUGA;25;CUNDINAMARCA;25290;FUSAGASUGÁ;225290001198;UNID. EDUC. MPAL. GUAVIO BAJO;225290000248;BATAN;RURAL;VDA BAT?N;;LEGALIZADO;PREESCOLAR,BÁSICA PRIMARIA;ESCUELA NUEVA;0,1,2,3,4,5;4.277784;-74.35374;2073.3;;;;;;;;;;;;;;;;;
FUSAGASUGA;25;CUNDINAMARCA;25290;FUSAGASUGÁ;225290001198;UNID. EDUC. MPAL. GUAVIO BAJO;225290000272;BOCHICA;RURAL;VDA B?CHICA;;LEGALIZADO;PREESCOLAR,BÁSICA PRIMARIA;ESCUELA NUEVA;0,1,2,3,4,5;;;;;;;;;;;;;;;;;;;;
FUSAGASUGA;25;CUNDINAMARCA;25290;FUSAGASUGÁ;225290001198;UNID. EDUC. MPAL. GUAVIO BAJO;225290000345;EL CARMEN;RURAL;VDA EL CARMEN;;LEGALIZADO;PREESCOLAR,BÁSICA PRIMARIA;ESCUELA NUEVA;0,1,2,3,4,5;4.233777;-74.33988;2421;;;;;;;;;;;;;;;;;
FUSAGASUGA;25;CUNDINAMARCA;25290;FUSAGASUGÁ;225290001198;UNID. EDUC. MPAL. GUAVIO BAJO;225290000396;GUAVIO ALTO;RURAL;VDA GUAVIO;;LEGALIZADO;PREESCOLAR,BÁSICA PRIMARIA;ESCUELA NUEVA;0,1,3,4,5;4.28074;-74.39236;1511.1;;;;;;;;;;;;;;;;;
FUSAGASUGA;25;CUNDINAMARCA;25290;FUSAGASUGÁ;225290001198;UNID. EDUC. MPAL. GUAVIO BAJO;225290000680;LA TRINIDAD;RURAL;VDA LA TRINIDAD;;LEGALIZADO;PREESCOLAR,BÁSICA PRIMARIA;ESCUELA NUEVA;0,1,2,3,4,5;;;;;;;;;;;;;;;;;;;;
FUSAGASUGA;25;CUNDINAMARCA;25290;FUSAGASUGÁ;225290001198;UNID. EDUC. MPAL. GUAVIO BAJO;225290000353;EL CONSUELO;RURAL;VDA BOCHICA;;LEGALIZADO;PREESCOLAR,BÁSICA PRIMARIA;ESCUELA NUEVA;0,1,2,3,4,5;4.28895;-74.38742;1537;;;;;;;;;;;;;;;;;
FUSAGASUGA;25;CUNDINAMARCA;25290;FUSAGASUGÁ;225290001198;UNID. EDUC. MPAL. GUAVIO BAJO;225290000485;SANTA ANA;RURAL;VDA BAT?N BAJO;;LEGALIZADO;PREESCOLAR,BÁSICA PRIMARIA;ESCUELA NUEVA;0,1,2,3,4,5;;;;;;;;;;;;;;;;;;;;
FUSAGASUGA;25;CUNDINAMARCA;25290;FUSAGASUGÁ;225290001198;UNID. EDUC. MPAL. GUAVIO BAJO;225290000493;SANTA LUCIA;RURAL;VDA SANTA LUC?A;;LEGALIZADO;PREESCOLAR,BÁSICA PRIMARIA;ESCUELA NUEVA;0,1,2,3,4,5;4.264318;-74.35969;1915.5;;;;;;;;;;;;;;;;;
FUSAGASUGA;25;CUNDINAMARCA;25290;FUSAGASUGÁ;225290001198;UNID. EDUC. MPAL. GUAVIO BAJO;225290000469;PALACIOS;RURAL;VDA PALACIOS;;LEGALIZADO;PREESCOLAR,BÁSICA PRIMARIA;ESCUELA NUEVA;0,1,2,3,4,5;4.302086;-74.39633;1627.7;;;;;;;;;;;;;;;;;
FUSAGASUGA;25;CUNDINAMARCA;25290;FUSAGASUGÁ;125290001355;UNID. EDUC. MPAL. JOSE CELESTINO MUTIS;125290001355;LOS COMUNEROS;URBANA;TV 1 E # 23-03;8738121 - 8738120;LEGALIZADO;BÁSICA SECUNDARIA,MEDIA VOCACIONAL;EDUCACIÓN TRADICIONAL;6,7,8,9,10,11;;;;;;;;;;;;;;;;;;;;
FUSAGASUGA;25;CUNDINAMARCA;25290;FUSAGASUGÁ;125290001355;UNID. EDUC. MPAL. JOSE CELESTINO MUTIS;125290000626;YIRA CASTRO;URBANA;CLL 24  CR 4;8677868;LEGALIZADO;PREESCOLAR;EDUCACIÓN TRADICIONAL;-1;;;;;;;;;;;;;;;;;;;;
FUSAGASUGA;25;CUNDINAMARCA;25290;FUSAGASUGÁ;125290001355;UNID. EDUC. MPAL. JOSE CELESTINO MUTIS;225290001660;LA MACARENA;URBANA;CLL 25 # 2B-30;8678323;LEGALIZADO;BÁSICA PRIMARIA;ESCUELA NUEVA,EDUCACIÓN TRADICIONAL;1,2,3,4,5;;;;;;;;;;;;;;;;;;;;
FUSAGASUGA;25;CUNDINAMARCA;25290;FUSAGASUGÁ;125290001355;UNID. EDUC. MPAL. JOSE CELESTINO MUTIS;225290000507;SARDINAS;RURAL;VDA SARDINAS;8675703;LEGALIZADO;BÁSICA PRIMARIA;EDUCACIÓN TRADICIONAL;1,2,3,4,5;4.302743;-74.3412;2007.4;;;;;;;;;;;;;;;;;
FUSAGASUGA;25;CUNDINAMARCA;25290;FUSAGASUGÁ;125290001355;UNID. EDUC. MPAL. JOSE CELESTINO MUTIS;125290000146;FUSACATAN;URBANA;KR 3 # 20-60;8732848;LEGALIZADO;BÁSICA PRIMARIA;EDUCACIÓN TRADICIONAL;1,2,3,4,5;;;;;;;;;;;;;;;;;;;;
FUSAGASUGA;25;CUNDINAMARCA;25290;FUSAGASUGÁ;225290001643;UNID. EDUC. MPAL. LUIS CARLOS  GALAN SARMIENTO;225290001643;LUIS CARLOS  GALAN SARMIENTO;RURAL;KM 67 VIA MELGAR;8679169;LEGALIZADO;PREESCOLAR,BÁSICA SECUNDARIA,BÁSICA PRIMARIA,MEDIA VOCACIONAL;PROGRAMA PARA JÓVENES EN EXTRAEDAD Y ADULTOS,EDUCACIÓN TRADICIONAL;-1,0,1,2,3,4,5,6,7,8,9,10,11,23,24,25;;;;;;;;;;;;;;;;;;;;
FUSAGASUGA;25;CUNDINAMARCA;25290;FUSAGASUGÁ;125290001894;CENTRO EDUC. MPAL. ESC. DE PATRULLERITOS DEL SUMAPAZ;125290001894;ESCUELA DE PATRULLERITOS DEL SUMAPAZ;URBANA;CLL 19 NO50-24;918781777;LEGALIZADO;PREESCOLAR,BÁSICA PRIMARIA;EDUCACIÓN TRADICIONAL;0,1,2,3,4,5;;;;;;;;;;;;;;;;;;;;
FUSAGASUGA;25;CUNDINAMARCA;25290;FUSAGASUGÁ;225290000914;CENTRO EDUC. MPAL. PROMOCION SOCIAL;225290000914;INST DE PROMOCION SOCIAL;URBANA;KM 59 VIA GIRARDOT;8670780;LEGALIZADO;BÁSICA SECUNDARIA,MEDIA VOCACIONAL;EDUCACIÓN TRADICIONAL;6,7,8,9,10,11;;;;;;;;;;;;;;;;;;;;
FUSAGASUGA;25;CUNDINAMARCA;25290;FUSAGASUGÁ;225290000990;CENTRO EDUC. MPAL. SANTIAGO SAMPER BRUSH;225290000990;SANTIAGO SAMPER BRUSH;RURAL;VDA EL TRIUNFO;8720251;LEGALIZADO;PREESCOLAR,BÁSICA PRIMARIA;EDUCACIÓN TRADICIONAL;0,1,2,3,4,5;4.26629;-74.52408;870.4;;;;;;;;;;;;;;;;;
FUSAGASUGA;25;CUNDINAMARCA;25290;FUSAGASUGÁ;225290000311;UNID. EDUC. MPAL. CAMPESTRE NUEVO HORIZONTE;225290000311;ESPINALITO ALTO;RURAL;VDA ESPINALITO ALTO;867 0658;LEGALIZADO;PREESCOLAR,BÁSICA SECUNDARIA,BÁSICA PRIMARIA,MEDIA VOCACIONAL;POST PRIMARIA,ESCUELA NUEVA,EDUCACIÓN TRADICIONAL,CAFAM;0,1,2,3,4,5,6,7,8,9,10,11,21,22,23,24,25;4.313581;-74.41746;1368;;;;;;;;;;;;;;;;;
FUSAGASUGA;25;CUNDINAMARCA;25290;FUSAGASUGÁ;325290002270;INSTITUTO HEGAMAR;325290002270;INSTITUTO HEGAMAR;URBANA;CLL 16A # 13-02;8672838;LEGALIZADO;BÁSICA SECUNDARIA,MEDIA VOCACIONAL;PROGRAMA PARA JÓVENES EN EXTRAEDAD Y ADULTOS;23,24,25,26;;;;;;;;;;;;;;;;;;;;
FUSAGASUGA;25;CUNDINAMARCA;25290;FUSAGASUGÁ;325290002253;FUND EDUC LATINOAMERICANA DE APOYO AL DESARROLLO - FUNDELAD;325290002253;FUND EDUC LATINOAMERICANA DE APOYO AL DESARROLLO - FUNDELAD;URBANA;CALLE 16 A # 13-02;8672838;LEGALIZADO;PREESCOLAR,BÁSICA PRIMARIA;EDUCACIÓN TRADICIONAL,ACELERACIÓN DEL APRENDIZAJE;-2,-1,0,1,2,3,4,99;;;;;;;;;;;;;;;;;;;;
FUSAGASUGA;25;CUNDINAMARCA;25290;FUSAGASUGÁ;325290000099;COL DE LA PRESENTACION;325290000099;COL DE LA PRESENTACION;URBANA;KR 5 # 8-56;8675424-8672550;LEGALIZADO;PREESCOLAR,BÁSICA SECUNDARIA,BÁSICA PRIMARIA,MEDIA VOCACIONAL;EDUCACIÓN TRADICIONAL;-2,-1,0,1,2,3,4,5,6,7,8,9,10,11;;;;;;;;;;;;;;;;;;;;
FUSAGASUGA;25;CUNDINAMARCA;25290;FUSAGASUGÁ;325290000552;COL FRAY LUIS DE LEON;325290000552;COL FRAY LUIS DE LEON;URBANA;KR 4 # 9-58 / CL 10 #3-50;8672019;LEGALIZADO;PREESCOLAR,BÁSICA SECUNDARIA,BÁSICA PRIMARIA,MEDIA VOCACIONAL;EDUCACIÓN TRADICIONAL;-1,0,1,2,3,4,5,6,7,8,9,10,11;;;;;;;;;;;;;;;;;;;;
FUSAGASUGA;25;CUNDINAMARCA;25290;FUSAGASUGÁ;325290001214;COL FUND MANUEL AYA;325290001214;COL FUND MANUEL AYA;URBANA;TR 12 AV EL CANEY;8673791-8676956;LEGALIZADO;PREESCOLAR,BÁSICA SECUNDARIA,BÁSICA PRIMARIA,MEDIA VOCACIONAL;EDUCACIÓN TRADICIONAL;-2,-1,0,1,2,3,4,5,6,7,8,9,10,11;;;;;;;;;;;;;;;;;;;;
FUSAGASUGA;25;CUNDINAMARCA;25290;FUSAGASUGÁ;325290001265;GIMANASIO  AMERICANO;325290001265;GIMANASIO  AMERICANO;URBANA;CR 4 # 6-28;8674318;LEGALIZADO;PREESCOLAR,BÁSICA SECUNDARIA,BÁSICA PRIMARIA,MEDIA VOCACIONAL;EDUCACIÓN TRADICIONAL;-2,-1,0,1,2,3,4,5,6,7,8,9,10,11;;;;;;;;;;;;;;;;;;;;
FUSAGASUGA;25;CUNDINAMARCA;25290;FUSAGASUGÁ;325290001796;GIMN MODERNO MARIA AUXILIADORA;325290001796;GIMN MODERNO MARIA AUXILIADORA;URBANA;CL 6 # 8-48;8735151;LEGALIZADO;PREESCOLAR,BÁSICA PRIMARIA;EDUCACIÓN TRADICIONAL;-2,-1,0,1,2,3,4,5;;;;;;;;;;;;;;;;;;;;
FUSAGASUGA;25;CUNDINAMARCA;25290;FUSAGASUGÁ;325290001826;COL CAMP GARDNER;325290001826;COL CAMP GARDNER;URBANA;TR 19 # 23-31;8672811;LEGALIZADO;PREESCOLAR,BÁSICA SECUNDARIA,BÁSICA PRIMARIA;EDUCACIÓN TRADICIONAL;-2,-1,0,1,2,3,4,5,6,7,8;;;;;;;;;;;;;;;;;;;;
FUSAGASUGA;25;CUNDINAMARCA;25290;FUSAGASUGÁ;325290001869;COL MARAVILLAS INFANTILES;325290001869;COL MARAVILLAS INFANTILES;URBANA;CLL 22 # 5-09;8674160;LEGALIZADO;PREESCOLAR;EDUCACIÓN TRADICIONAL;-3;;;;;;;;;;;;;;;;;;;;
FUSAGASUGA;25;CUNDINAMARCA;25290;FUSAGASUGÁ;325290001877;LIC SIMON BOLIVAR;325290001877;LIC SIMON BOLIVAR;URBANA;CL 7 # 2-40;8737710 -3157929612;LEGALIZADO;PREESCOLAR,BÁSICA PRIMARIA;EDUCACIÓN TRADICIONAL;-2,-1,0,1,2,3,4,5;;;;;;;;;;;;;;;;;;;;
FUSAGASUGA;25;CUNDINAMARCA;25290;FUSAGASUGÁ;325290001940;COL PARQUE ARCO IRIS;325290001940;COL PARQUE ARCO IRIS;URBANA;CL 20 #1-03;8733825;LEGALIZADO;PREESCOLAR,BÁSICA PRIMARIA;EDUCACIÓN TRADICIONAL;-2,-1,0,1,2,3,4,5;;;;;;;;;;;;;;;;;;;;
FUSAGASUGA;25;CUNDINAMARCA;25290;FUSAGASUGÁ;325290001966;COL CRISTIANO INTEGRAL BETHESDA;325290001966;COL CRISTIANO INTEGRAL BETHESDA;URBANA;CL 15 # 5-11;8671992;LEGALIZADO;PREESCOLAR,BÁSICA SECUNDARIA,BÁSICA PRIMARIA,MEDIA VOCACIONAL;EDUCACIÓN TRADICIONAL;-1,0,1,2,3,4,5,6,7,8,9,10,11;;;;;;;;;;;;;;;;;;;;
FUSAGASUGA;25;CUNDINAMARCA;25290;FUSAGASUGÁ;425290001731;LIC MODERNO GRAN COLOMBIANO;425290001731;LIC MODERNO GRAN COLOMBIANO;URBANA;CLL 7 # 1A-3 ESTE;8674688;LEGALIZADO;PREESCOLAR,BÁSICA PRIMARIA;EDUCACIÓN TRADICIONAL;-2,-1,0,1,2,3,4,5;;;;;;;;;;;;;;;;;;;;
FUSAGASUGA;25;CUNDINAMARCA;25290;FUSAGASUGÁ;425290001979;ACAD PANTANO DE VARGAS;425290001979;ACAD PANTANO DE VARGAS;URBANA;AV LAS PALMAS # 19-05;8675046;LEGALIZADO;PREESCOLAR,BÁSICA SECUNDARIA,BÁSICA PRIMARIA,MEDIA VOCACIONAL;EDUCACIÓN TRADICIONAL;-2,-1,0,1,2,3,4,5,6,7,8,9,10,11;;;;;;;;;;;;;;;;;;;;
FUSAGASUGA;25;CUNDINAMARCA;25290;FUSAGASUGÁ;325290000030;COL RICAURTE;325290000030;COL RICAURTE;URBANA;DG 21 # 17A-41;8675462;LEGALIZADO;PREESCOLAR,BÁSICA SECUNDARIA,BÁSICA PRIMARIA,MEDIA VOCACIONAL;EDUCACIÓN TRADICIONAL;-2,-1,0,1,2,3,4,5,6,7,8,9,10,11;;;;;;;;;;;;;;;;;;;;
FUSAGASUGA;25;CUNDINAMARCA;25290;FUSAGASUGÁ;325290000056;COL NSTRA SRA DEL ROSARIO;325290000056;COL NSTRA SRA DEL ROSARIO;URBANA;CL 3 # 6-45;8672316;LEGALIZADO;PREESCOLAR,BÁSICA PRIMARIA;EDUCACIÓN TRADICIONAL;-1,0,1,2,3,4,5;;;;;;;;;;;;;;;;;;;;
FUSAGASUGA;25;CUNDINAMARCA;25290;FUSAGASUGÁ;325290000064;INST SANTANDER;325290000064;INST SANTANDER;URBANA;CLL 9 # 8-47;8672121;LEGALIZADO;BÁSICA SECUNDARIA,BÁSICA PRIMARIA,MEDIA VOCACIONAL;EDUCACIÓN TRADICIONAL;1,2,3,4,5,6,7,8,9,10,11;;;;;;;;;;;;;;;;;;;;
FUSAGASUGA;25;CUNDINAMARCA;25290;FUSAGASUGÁ;325290000943;LIC INFANTIL SANTA INES;325290000943;LIC INFANTIL SANTA INES;URBANA;CLL 2 # 4-39;8734633;LEGALIZADO;PREESCOLAR,BÁSICA PRIMARIA;EDUCACIÓN TRADICIONAL;-2,-1,0,1,2,3,4,5;;;;;;;;;;;;;;;;;;;;
FUSAGASUGA;25;CUNDINAMARCA;25290;FUSAGASUGÁ;325290001001;COL EL DIVINO AMOR;325290001001;COL EL DIVINO AMOR;URBANA;CLL 18 # 6-34;8677736;LEGALIZADO;PREESCOLAR,BÁSICA PRIMARIA;EDUCACIÓN TRADICIONAL;-2,-1,0,1,2,3,4,5;;;;;;;;;;;;;;;;;;;;
FUSAGASUGA;25;CUNDINAMARCA;25290;FUSAGASUGÁ;325290001648;LIC MAYOR DE CUNDINAMARCA;325290001648;LIC MAYOR DE CUNDINAMARCA;URBANA;KR 7 # 10-35;8672821;LEGALIZADO;PREESCOLAR,BÁSICA PRIMARIA;EDUCACIÓN TRADICIONAL;-2,-1,0,1,2,3,4,5;;;;;;;;;;;;;;;;;;;;
FUSAGASUGA;25;CUNDINAMARCA;25290;FUSAGASUGÁ;325290001672;COL SUPERIOR ANDINO;325290001672;COL SUPERIOR ANDINO;URBANA;CL 23 # 10-12;8672818;LEGALIZADO;PREESCOLAR,BÁSICA SECUNDARIA,BÁSICA PRIMARIA,MEDIA VOCACIONAL;PROGRAMA PARA JÓVENES EN EXTRAEDAD Y ADULTOS,EDUCACIÓN TRADICIONAL;-2,-1,0,1,2,3,4,5,6,7,8,9,10,11,23,24,25,26;;;;;;;;;;;;;;;;;;;;
FUSAGASUGA;25;CUNDINAMARCA;25290;FUSAGASUGÁ;325290001761;COL GENERAL LANDAZABAL REYES;325290001761;COL GENERAL LANDAZABAL REYES;URBANA;CR 5 # 22-35;8722388;LEGALIZADO;PREESCOLAR,BÁSICA SECUNDARIA,BÁSICA PRIMARIA,MEDIA VOCACIONAL;EDUCACIÓN TRADICIONAL;-2,-1,0,1,2,3,4,5,6,7,8,9,10;;;;;;;;;;;;;;;;;;;;
FUSAGASUGA;25;CUNDINAMARCA;25290;FUSAGASUGÁ;325290001842;GIMN CAMP DE FUSAGASUGA;325290001842;GIMN CAMP DE FUSAGASUGA;URBANA;TR 17 # 22-82;8674574-8677885;LEGALIZADO;PREESCOLAR,BÁSICA SECUNDARIA,BÁSICA PRIMARIA,MEDIA VOCACIONAL;EDUCACIÓN TRADICIONAL;-2,-1,0,1,2,3,4,5,6,7,8,9,10,11;;;;;;;;;;;;;;;;;;;;
FUSAGASUGA;25;CUNDINAMARCA;25290;FUSAGASUGÁ;325290001851;COL CAMP HIMALAYA;325290001851;COL CAMP HIMALAYA;URBANA;CL 22 # 11-02;8674504;LEGALIZADO;PREESCOLAR,BÁSICA SECUNDARIA,BÁSICA PRIMARIA,MEDIA VOCACIONAL;EDUCACIÓN TRADICIONAL;-2,-1,0,1,2,3,4,5,6,7,8,9,10,11;;;;;;;;;;;;;;;;;;;;
FUSAGASUGA;25;CUNDINAMARCA;25290;FUSAGASUGÁ;325290001907;COL CAMP SAN JOSE;325290001907;COL CAMP SAN JOSE;URBANA;DG 21 # 62-18;8780122;LEGALIZADO;PREESCOLAR,BÁSICA PRIMARIA;EDUCACIÓN TRADICIONAL;-2,-1,0,1,2,3,4,5;;;;;;;;;;;;;;;;;;;;
FUSAGASUGA;25;CUNDINAMARCA;25290;FUSAGASUGÁ;325290001923;LIC MIGUEL DE CERVANTES SAAVEDRA;325290001923;LIC MIGUEL DE CERVANTES SAAVEDRA;URBANA;CALLE 16B # 13-08;8672938;LEGALIZADO;PREESCOLAR,BÁSICA PRIMARIA;EDUCACIÓN TRADICIONAL;-2,-1,0,1,2,3,4,5;;;;;;;;;;;;;;;;;;;;
FUSAGASUGA;25;CUNDINAMARCA;25290;FUSAGASUGÁ;325290001982;LIC NUEVA GENERACION;325290001982;LIC NUEVA GENERACION;URBANA;CLL 24 # 11-13;8674520;LEGALIZADO;PREESCOLAR,BÁSICA PRIMARIA;EDUCACIÓN TRADICIONAL;-2,-1,0,1,2,3,4,5;;;;;;;;;;;;;;;;;;;;
FUSAGASUGA;25;CUNDINAMARCA;25290;FUSAGASUGÁ;425290001693;LIC CAMP UZATHAMA;425290001693;LIC CAMP UZATHAMA;RURAL;KM 49 VIA SILVANIA-FUSA;8684869 - 8684721;LEGALIZADO;PREESCOLAR,BÁSICA PRIMARIA;EDUCACIÓN TRADICIONAL;-1,0,1,2,3,4,5;;;;;;;;;;;;;;;;;;;;
FUSAGASUGA;25;CUNDINAMARCA;25290;FUSAGASUGÁ;325290002181;COL TRIANGULO;325290002181;COL TRIANGULO;URBANA;CLL 8 # 6-53. PISO3;8675459-8735449;LEGALIZADO;BÁSICA SECUNDARIA,BÁSICA PRIMARIA,MEDIA VOCACIONAL;PROGRAMA PARA JÓVENES EN EXTRAEDAD Y ADULTOS;22,23,24,25,26;;;;;;;;;;;;;;;;;;;;
FUSAGASUGA;25;CUNDINAMARCA;25290;FUSAGASUGÁ;325290002135;COL CENCOV CIENCIA Y CULTURA;325290002135;COL CENCOV CIENCIA Y CULTURA;URBANA;AV DE LAS PALMAS NO 7-85;8676006;LEGALIZADO;BÁSICA SECUNDARIA,MEDIA VOCACIONAL;PROGRAMA PARA JÓVENES EN EXTRAEDAD Y ADULTOS;23,24,25;;;;;;;;;;;;;;;;;;;;
FUSAGASUGA;25;CUNDINAMARCA;25290;FUSAGASUGÁ;325290002167;POLITECNICO DE LOS ANDES SIGLO XXI;325290002167;POLITECNICO DE LOS ANDES SIGLO XXI;URBANA;CR 8 # 8-12;8673017;LEGALIZADO;BÁSICA SECUNDARIA,BÁSICA PRIMARIA,MEDIA VOCACIONAL;PROGRAMA PARA JÓVENES EN EXTRAEDAD Y ADULTOS;22,23,24,25,26;;;;;;;;;;;;;;;;;;;;
FUSAGASUGA;25;CUNDINAMARCA;25290;FUSAGASUGÁ;325290002151;COL FUND EDUC FUNDETEC;325290002151;COL FUND EDUC FUNDETEC;URBANA;CL 7 # 5-59 2DO. PISO;8735178-8735177;LEGALIZADO;BÁSICA SECUNDARIA,BÁSICA PRIMARIA,MEDIA VOCACIONAL;PROGRAMA PARA JÓVENES EN EXTRAEDAD Y ADULTOS;21,22,23,24,25,26;;;;;;;;;;;;;;;;;;;;
FUSAGASUGA;25;CUNDINAMARCA;25290;FUSAGASUGÁ;325290002142;COL CENT DE ESTUDIOS HUITAKA;325290002142;COL CENT DE ESTUDIOS HUITAKA;URBANA;CL 10 # 6-09 2 P;8678599-8672503;LEGALIZADO;BÁSICA SECUNDARIA,BÁSICA PRIMARIA,MEDIA VOCACIONAL;PROGRAMA PARA JÓVENES EN EXTRAEDAD Y ADULTOS;21,22,23,24,25,26;;;;;;;;;;;;;;;;;;;;
FUSAGASUGA;25;CUNDINAMARCA;25290;FUSAGASUGÁ;325290002128;COL BOSTON C.L.E.I.;325290002128;COL. BOSTON C.L.E.I.;URBANA;CL 7 # 6-39 2 P;8671794-8675456;LEGALIZADO;BÁSICA SECUNDARIA,BÁSICA PRIMARIA,MEDIA VOCACIONAL;PROGRAMA PARA JÓVENES EN EXTRAEDAD Y ADULTOS;21,22,23,24,25,26;;;;;;;;;;;;;;;;;;;;
FUSAGASUGA;25;CUNDINAMARCA;25290;FUSAGASUGÁ;425290002229;FUND EDUC PARA EL DESARROLLO DEL SER HUMANO FUNDESER;425290002229;FUND EDUC PARA EL DESARROLLO DEL SER HUMANO FUNDESER;URBANA;CLL 7 # 5-30;8674044;LEGALIZADO;PREESCOLAR,BÁSICA SECUNDARIA,BÁSICA PRIMARIA,MEDIA VOCACIONAL;PROGRAMA PARA JÓVENES EN EXTRAEDAD Y ADULTOS,EDUCACIÓN TRADICIONAL;-2,-1,0,1,2,3,4,5,23,24,25,26;;;;;;;;;;;;;;;;;;;;
FUSAGASUGA;25;CUNDINAMARCA;25290;FUSAGASUGÁ;325290001681;COL COOPERATIVO COOTRANSFUSA;325290001681;COL COOPERATIVO COOTRANSFUSA;URBANA;KR 72 # 21-15;8670814;CIERRE DEFINITIVO;PREESCOLAR,BÁSICA SECUNDARIA,BÁSICA PRIMARIA,MEDIA VOCACIONAL;EDUCACIÓN TRADICIONAL;-2,-1,0,1,2,3,4,5,6,7,8,9,10,11;;;;;;;;;;;;;;;;;;;;
FUSAGASUGA;25;CUNDINAMARCA;25290;FUSAGASUGÁ;425290002211;CORPORACION EDUCATIVA EL DIAMANTE - CORPODIAMANTE;425290002211;CORPORACION EDUCATIVA EL DIAMANTE - CORPODIAMANTE - SEDE PRINCIPAL;URBANA;KM 4 VIA FUSAGASUGA - PASCA;8678736;LEGALIZADO;PREESCOLAR,BÁSICA SECUNDARIA,BÁSICA PRIMARIA;ESCUELA NUEVA,EDUCACIÓN TRADICIONAL,SAT;0,1,2,3,4,5,21,22,23;;;;;;;;;;;;;;;;;;;;
FUSAGASUGA;25;CUNDINAMARCA;25290;FUSAGASUGÁ;325290001915;INST ACAD NUEVA VISION;325290001915;INST ACAD NUEVA VISION - SEDE PRINCIPAL;URBANA;CR 7 # 1-48;8737631;LEGALIZADO;PREESCOLAR,BÁSICA SECUNDARIA,BÁSICA PRIMARIA,MEDIA VOCACIONAL;EDUCACIÓN TRADICIONAL;-2,-1,0,1,2,3,4,5,6,7,8,9,10,11;;;;;;;;;;;;;;;;;;;;
FUSAGASUGA;25;CUNDINAMARCA;25290;FUSAGASUGÁ;125290000049;UNID. EDUC. MPAL. TECNICO TEODORO AYA VILLAVECES;125290000120;CAMILO TORRES;URBANA;KR 3A # 10-33;8721259;LEGALIZADO;PREESCOLAR,BÁSICA PRIMARIA;EDUCACIÓN TRADICIONAL;0,1,2,3,4,5;;;;;;;;;;;;;;;;;;;;
FUSAGASUGA;25;CUNDINAMARCA;25290;FUSAGASUGÁ;325290002334;COL. CAMP. LEON DE GREIFF;325290002334;COL. CAMP. LEON DE GREIFF - SEDE PRINCIPAL;URBANA;TV 17 # 25-57;8734636;POR APROBAR;PREESCOLAR,BÁSICA SECUNDARIA,BÁSICA PRIMARIA,MEDIA VOCACIONAL;EDUCACIÓN TRADICIONAL;0,1,2,3,4,5,6,7,8,9,10,11;;;;;;;;;;;;;;;;;;;;
FUSAGASUGA;25;CUNDINAMARCA;25290;FUSAGASUGÁ;325290002326;CUNITAS Y CRAYOLAS;325290002326;CUNITAS Y CRAYOLAS - SEDE PRINCIPAL;URBANA;CR 4 # 18B-66;8722855;POR APROBAR;PREESCOLAR;EDUCACIÓN TRADICIONAL;-3;;;;;;;;;;;;;;;;;;;;
FUSAGASUGA;25;CUNDINAMARCA;25290;FUSAGASUGÁ;125290001355;UNID. EDUC. MPAL. JOSE CELESTINO MUTIS;225290001104;LA UNION;RURAL;VDA LA UNION;;CIERRE TEMPORAL;PREESCOLAR,BÁSICA PRIMARIA;EDUCACIÓN TRADICIONAL;0,1,2,3,5;;;;;;;;;;;;;;;;;;;;
FUSAGASUGA;25;CUNDINAMARCA;25290;FUSAGASUGÁ;325290002300;COL PSICOPEDAGOGICO VAS - VIDA - AMOR - SABIDURIA;325290002300;COL PSICOPEDAGOGICO VAS - VIDA - AMOR - SABIDURIA - SEDE PRINCIPAL;URBANA;CR 64 # 19A-40;8780658;POR APROBAR;PREESCOLAR,BÁSICA PRIMARIA;EDUCACIÓN TRADICIONAL;-2,-1,0,1,2,3;;;;;;;;;;;;;;;;;;;;
FUSAGASUGA;25;CUNDINAMARCA;25290;FUSAGASUGÁ;325290002318;LIC. INF. SUEÑOS MARAVILLOSOS;325290002318;LIC. INF. SUEÑOS MARAVILLOSOS - SEDE PRINCIPAL;URBANA;CR 48 # 19-46;8781978;POR APROBAR;PREESCOLAR,BÁSICA PRIMARIA;EDUCACIÓN TRADICIONAL;-2,-1,0,1,2,3,4,5;;;;;;;;;;;;;;;;;;;;
FUSAGASUGA;25;CUNDINAMARCA;25290;FUSAGASUGÁ;125290000839;UNID. EDUC. MPAL. INST. TECNICO INDUSTRIAL;125290000014;BETHEL;URBANA;VDA BETHEL;;CIERRE TEMPORAL;BÁSICA SECUNDARIA;EDUCACIÓN TRADICIONAL;6,7,8;;;;;;;;;;;;;;;;;;;;
FUSAGASUGA;25;CUNDINAMARCA;25290;FUSAGASUGÁ;325290002351;JARDÍN INFANTIL MIS SEMILLITAS;325290002351;JARDÍN INFANTIL MIS SEMILLITAS - SEDE PRINCIPAL;URBANA;CALLE 16A NO. 13 - 40 EL CANEY;8868703;LEGALIZADO;PREESCOLAR;EDUCACIÓN TRADICIONAL;-3;;;;;;;;;;;;;;;;;;;;
FUSAGASUGA;25;CUNDINAMARCA;25290;FUSAGASUGÁ;325290002296;COLEGIO SANTO DOMINGO SAVIO;325290002296;COLEGIO SANTO DOMINGO SAVIO - SEDE PRINCIPAL;URBANA;KR 72 # 21-15;3125874805;LEGALIZADO;PREESCOLAR,BÁSICA SECUNDARIA,BÁSICA PRIMARIA,MEDIA VOCACIONAL;EDUCACIÓN TRADICIONAL;-2,-1,0,1,2,3,4,5,6,7,8,9,10,11;;;;;;;;;;;;;;;;;;;;
FUSAGASUGA;25;CUNDINAMARCA;25290;FUSAGASUGÁ;325290002342;FUND EDUCATIVA PARA EL DESARROLLO IBEROAMERICANO - FUNDEAMERICA;325290002342;FUND EDUCATIVA PARA EL DESARROLLO IBEROAMERICANO - FUNDEAMERICA - SEDE PRINCIPAL;URBANA;CALLE 18A # 10-20;8868224;LEGALIZADO;BÁSICA SECUNDARIA,MEDIA VOCACIONAL;PROGRAMA PARA JÓVENES EN EXTRAEDAD Y ADULTOS;23,24,25,26;;;;;;;;;;;;;;;;;;;;
FUSAGASUGA;25;CUNDINAMARCA;25290;FUSAGASUGÁ;325290002288;LIC CAMPESTRE SAN JAVIER;325290002288;LIC CAMPESTRE SAN JAVIER - SEDE PRINCIPAL;URBANA;CARRERA 1 NO 5-22;8678935;LEGALIZADO;PREESCOLAR,BÁSICA PRIMARIA;EDUCACIÓN TRADICIONAL;-2,-1,0,1,2,3,4,5;;;;;;;;;;;;;;;;;;;;
FUSAGASUGA;25;CUNDINAMARCA;25290;FUSAGASUGÁ;325290002369;INSTITUCIÓN EDUCATIVA LA GRAN COLOMBIA;325290002369;INSTITUCIÓN EDUCATIVA LA GRAN COLOMBIA - SEDE PRINCIPAL;URBANA;CALLE 7 NO 1-16 PISO 1;3124945342;POR APROBAR;PREESCOLAR,BÁSICA PRIMARIA,PRIMERA INFANCIA;ENTORNO INSTITUCIONAL,EDUCACIÓN TRADICIONAL;-3,-2,-1,0,1,2,3,4,5;;;;;;;;;;;;;;;;;;;;
CUNDINAMARCA;25;CUNDINAMARCA;25312;GRANADA;225754000076;IE DPTAL GUSTAVO URIBE RAMIREZ;225754000688;ESCUELA RURAL  SAN JOSE;RURAL;VEREDASAN JOSE;8669272;LEGALIZADO;PREESCOLAR,BÁSICA PRIMARIA;EDUCACIÓN TRADICIONAL;0,1,2,3,4,5;4.533911;-74.34103;2507;;;;;;;;;;;;;;;;;
CUNDINAMARCA;25;CUNDINAMARCA;25312;GRANADA;225754000076;IE DPTAL GUSTAVO URIBE RAMIREZ;225754000408;ESCUELA URBANA ANDRES BELLO;URBANA;CALLE 14 NO. 12-00;8669272;LEGALIZADO;PREESCOLAR,BÁSICA SECUNDARIA,BÁSICA PRIMARIA,MEDIA VOCACIONAL;EDUCACIÓN TRADICIONAL;0,1,2,3,4,5,6,7,8,9,10,11;;;;;;;;;;;;;;;;;;;;
CUNDINAMARCA;25;CUNDINAMARCA;25312;GRANADA;225754000076;IE DPTAL GUSTAVO URIBE RAMIREZ;225754000076;COL DPTAL GUSTAVO URIBE RAMIREZ;URBANA;XXOOXX;;LEGALIZADO;BÁSICA SECUNDARIA,MEDIA VOCACIONAL;EDUCACIÓN TRADICIONAL;6,7,8,9,10,11;;;;;;;;;;;;;;;;;;;;
CUNDINAMARCA;25;CUNDINAMARCA;25312;GRANADA;225754000076;IE DPTAL GUSTAVO URIBE RAMIREZ;225754000874;ESCUELA RURAL SANTA HELENA;RURAL;VEREDA SANTA HELENA;8669272;LEGALIZADO;PREESCOLAR,BÁSICA PRIMARIA;EDUCACIÓN TRADICIONAL;0,1,2,3,4,5;4.50409;-74.32721;2527.3;;;;;;;;;;;;;;;;;
CUNDINAMARCA;25;CUNDINAMARCA;25312;GRANADA;225754000076;IE DPTAL GUSTAVO URIBE RAMIREZ;225754000513;ESCUELA RURAL LA PLAYITA;RURAL;VEREDA  LA PLAYITA;8669272;LEGALIZADO;PREESCOLAR,BÁSICA PRIMARIA;EDUCACIÓN TRADICIONAL;0,1,2,3,4,5;4.522262;-74.32486;2560.2;;;;;;;;;;;;;;;;;
CUNDINAMARCA;25;CUNDINAMARCA;25312;GRANADA;225754000076;IE DPTAL GUSTAVO URIBE RAMIREZ;225754000491;ESCUELA  RURAL JORGE TADEO LOZANO;RURAL;VEREDA  CARRIZAL;;LEGALIZADO;PREESCOLAR,BÁSICA PRIMARIA;EDUCACIÓN TRADICIONAL;0,1,2,3,4,5;4.52133;-74.29418;2816.9;;;;;;;;;;;;;;;;;
CUNDINAMARCA;25;CUNDINAMARCA;25312;GRANADA;225754000076;IE DPTAL GUSTAVO URIBE RAMIREZ;225754000521;ESCUELA RURAL GONZALO JIMENEZ DE QUESADA;RURAL;VEREDA LA 22;8669272;LEGALIZADO;PREESCOLAR,BÁSICA PRIMARIA;EDUCACIÓN TRADICIONAL;0,1,2,3,4,5;4.513642;-74.36514;2283.1;;;;;;;;;;;;;;;;;
CUNDINAMARCA;25;CUNDINAMARCA;25312;GRANADA;225754000076;IE DPTAL GUSTAVO URIBE RAMIREZ;225754000360;ESCUELA RURAL  GENERAL SANTANDER;RURAL;VEREDA EL HOYO;8669272;LEGALIZADO;PREESCOLAR,BÁSICA PRIMARIA;EDUCACIÓN TRADICIONAL;0,1,2,3,4,5;4.52995;-74.36023;2450.2;;;;;;;;;;;;;;;;;
CUNDINAMARCA;25;CUNDINAMARCA;25312;GRANADA;225754000076;IE DPTAL GUSTAVO URIBE RAMIREZ;225754000483;ESCUELA RURAL  RAFAEL POMBO;RURAL;VEREDA SABANETA;8669272;LEGALIZADO;PREESCOLAR,BÁSICA PRIMARIA;EDUCACIÓN TRADICIONAL;0,1,2,3,4,5;4.547657;-74.30074;2758.7;;;;;;;;;;;;;;;;;
CUNDINAMARCA;25;CUNDINAMARCA;25312;GRANADA;225754000076;IE DPTAL GUSTAVO URIBE RAMIREZ;225754000696;ESCUELA RURAL SANTA LUCIA;RURAL;VEREDA SAN JOSE BAJO;8669272;LEGALIZADO;PREESCOLAR,BÁSICA PRIMARIA;EDUCACIÓN TRADICIONAL;0,1,2,3,4,5;4.542764;-74.35555;2569.4;;;;;;;;;;;;;;;;;
CUNDINAMARCA;25;CUNDINAMARCA;25312;GRANADA;225754000076;IE DPTAL GUSTAVO URIBE RAMIREZ;225754000530;ESCUELA RURAL  ANTONIO NARIÑO;RURAL;VEREDA SAN RAIMUNDO;8669272;LEGALIZADO;PREESCOLAR,BÁSICA PRIMARIA;EDUCACIÓN TRADICIONAL;0,1,2,3,4,5;4.500829;-74.36937;2226.8;;;;;;;;;;;;;;;;;
CUNDINAMARCA;25;CUNDINAMARCA;25312;GRANADA;325312000012;COL SANTO DOMINGO SAVIO                                     ;325312000012;COL SANTO DOMINGO SAVIO                                     ;RURAL;CR 14 NO 13A 38;8669275;POR APROBAR;PREESCOLAR,BÁSICA PRIMARIA;EDUCACIÓN TRADICIONAL;-2,-1,0,1,2,3,4,5;;;;;;;;;;;;;;;;;;;;
CUNDINAMARCA;25;CUNDINAMARCA;25524;PANDI;125524000013;INSTITUCION EDUCATIVA DEPARTAMENTAL FRANCISCO JOSE DE CALDAS;225524000077;ESCUELA RURAL MERCADILLO;RURAL;VEREDA MERCADILLO;3107670156;LEGALIZADO;PREESCOLAR,BÁSICA PRIMARIA;ESCUELA NUEVA;0,1,2,3,4,5;4.193426;-74.4672;1242.5;;;;;;;;;;;;;;;;;
CUNDINAMARCA;25;CUNDINAMARCA;25524;PANDI;125524000013;INSTITUCION EDUCATIVA DEPARTAMENTAL FRANCISCO JOSE DE CALDAS;225524000034;ESCUELA RURAL EL CAUCHO;RURAL;VEREDA EL CAUCHO;3107670156;LEGALIZADO;PREESCOLAR,BÁSICA SECUNDARIA,BÁSICA PRIMARIA,MEDIA VOCACIONAL;ESCUELA NUEVA,CAFAM;0,1,2,3,4,5,21,23,25;4.185661;-74.48135;1026.3;;;;;;;;;;;;;;;;;
CUNDINAMARCA;25;CUNDINAMARCA;25524;PANDI;125524000013;INSTITUCION EDUCATIVA DEPARTAMENTAL FRANCISCO JOSE DE CALDAS;225524000051;ESCUELA RURAL GUACANONZO BAJO;RURAL;VEREDA GUACANONZO BAJO;3107670156;LEGALIZADO;PREESCOLAR,BÁSICA PRIMARIA;ESCUELA NUEVA;0,1,2,3,4,5;4.194576;-74.45246;1477.6;;;;;;;;;;;;;;;;;
CUNDINAMARCA;25;CUNDINAMARCA;25524;PANDI;125524000013;INSTITUCION EDUCATIVA DEPARTAMENTAL FRANCISCO JOSE DE CALDAS;225524000069;ESCUELA RURAL LA LOMA;RURAL;VEREDA LA LOMA;3107670156;LEGALIZADO;PREESCOLAR,BÁSICA PRIMARIA;ESCUELA NUEVA;0,1,2,3,4,5;4.218443;-74.48598;1138.5;;;;;;;;;;;;;;;;;
CUNDINAMARCA;25;CUNDINAMARCA;25524;PANDI;125524000013;INSTITUCION EDUCATIVA DEPARTAMENTAL FRANCISCO JOSE DE CALDAS;125524000021;ESCUELA URBANA ALIANZA PARA EL PROGRESO;RURAL;PANDI CENTRO;3107670156;LEGALIZADO;PREESCOLAR,BÁSICA PRIMARIA;EDUCACIÓN TRADICIONAL;-1,0,1,2,3,4,5;4.189112;-74.48684;958.1;;;;;;;;;;;;;;;;;
CUNDINAMARCA;25;CUNDINAMARCA;25524;PANDI;125524000013;INSTITUCION EDUCATIVA DEPARTAMENTAL FRANCISCO JOSE DE CALDAS;125524000013;INSTITUCION EDUCATIVA DEPARTAMENTAL FRANCISCO JOSE DE CALDAS;URBANA;AV 2 # 10-01;3107670156;LEGALIZADO;BÁSICA SECUNDARIA,BÁSICA PRIMARIA,PRIMERA INFANCIA,MEDIA VOCACIONAL;EDUCACIÓN TRADICIONAL,CAFAM;-3,6,7,8,9,10,11,21,22,23,24,25,26;4.180486;-74.44842;1790.8;;;;;;;;;;;;;;;;;
CUNDINAMARCA;25;CUNDINAMARCA;25524;PANDI;225524000247;INSTITUCION EDUCATIVA DEPARTAMENTAL RURAL SANTA HELENA;225524000042;ESCUELA RURAL GUACANONZO ALTO;RURAL;VDA GUACANONZO ALTO;3112308801;LEGALIZADO;PREESCOLAR,BÁSICA PRIMARIA;ESCUELA NUEVA;0,1,2,3,4,5;4.180486;-74.44842;1790.8;;;;;;;;;;;;;;;;;
CUNDINAMARCA;25;CUNDINAMARCA;25524;PANDI;225524000247;INSTITUCION EDUCATIVA DEPARTAMENTAL RURAL SANTA HELENA;225524000239;ESCUELA RURAL BUENOS AIRES;RURAL;VEREDA BUENOS AIRES;3112308801;LEGALIZADO;PREESCOLAR,BÁSICA PRIMARIA;ESCUELA NUEVA;0,1,2,3,4,5;4.139077;-74.44032;2035.8;;;;;;;;;;;;;;;;;
CUNDINAMARCA;25;CUNDINAMARCA;25524;PANDI;225524000247;INSTITUCION EDUCATIVA DEPARTAMENTAL RURAL SANTA HELENA;225524000247;INSTITUCION EDUCATIVA DEPARTAMENTAL RURAL SANTA HELENA;RURAL;VEREDA SANTA HELENA ALTA;3112308801;LEGALIZADO;PREESCOLAR,BÁSICA SECUNDARIA,BÁSICA PRIMARIA,MEDIA VOCACIONAL;POST PRIMARIA,ESCUELA NUEVA,EDUCACIÓN TRADICIONAL,CAFAM;0,1,2,3,4,5,6,7,8,9,10,11,21,22,23,24,25,26;4.162944;-74.44755;2034.1;;;;;;;;;;;;;;;;;
CUNDINAMARCA;25;CUNDINAMARCA;25524;PANDI;125524000013;INSTITUCION EDUCATIVA DEPARTAMENTAL FRANCISCO JOSE DE CALDAS;225524000204;ESCUELA RURAL DE TUMBIA;RURAL;VDA SABANALARGA SECTOR TUMBIA;3107670156;POR APROBAR;PREESCOLAR,BÁSICA PRIMARIA;ESCUELA NUEVA;0,1,2,3,4,5;;;;;;;;;;;;;;;;;;;;
CUNDINAMARCA;25;CUNDINAMARCA;25524;PANDI;125524000013;INSTITUCION EDUCATIVA DEPARTAMENTAL FRANCISCO JOSE DE CALDAS;225524000131;ESCUELA RURAL SABANALARGA;RURAL;VEREDA SABANALARGA;3107670156;POR APROBAR;PREESCOLAR,BÁSICA PRIMARIA;ESCUELA NUEVA;0,1,2,3,4,5;4.174159;-74.47874;1038.9;;;;;;;;;;;;;;;;;
CUNDINAMARCA;25;CUNDINAMARCA;25524;PANDI;125524000013;INSTITUCION EDUCATIVA DEPARTAMENTAL FRANCISCO JOSE DE CALDAS;225524000085;ESCUELA RURAL SAN MIGUEL;RURAL;VEREDA SAN MIGUEL;3107670156;POR APROBAR;PREESCOLAR,BÁSICA PRIMARIA;ESCUELA NUEVA;0,1,2,3,4,5;4.120098;-74.46922;1541.2;;;;;;;;;;;;;;;;;
CUNDINAMARCA;25;CUNDINAMARCA;25524;PANDI;125524000013;INSTITUCION EDUCATIVA DEPARTAMENTAL FRANCISCO JOSE DE CALDAS;225524000182;ESCUELA RURAL SANTA HELENA BAJA;RURAL;VEREDA SANTA HELENA BAJA;3107670156;POR APROBAR;PREESCOLAR,BÁSICA PRIMARIA;ESCUELA NUEVA;0,1,2,3,4,5;4.17991;-74.46603;1415.1;;;;;;;;;;;;;;;;;
CUNDINAMARCA;25;CUNDINAMARCA;25535;PASCA;125535000023;INSTITUCIÓN EDUCATIVA NORMAL SUPERIOR NUESTRA SEÑORA DE LA ENCARNACION;225535000133;ESCUELA ALTO DEL MOLINO;RURAL;VEREDA ALTO DEL MOLINO;3102430934;LEGALIZADO;PREESCOLAR,BÁSICA PRIMARIA;EDUCACIÓN TRADICIONAL;0,1,2,3,4,5;4.332985;-74.33038;2172.3;;;;;;;;;;;;;;;;;
CUNDINAMARCA;25;CUNDINAMARCA;25535;PASCA;125535000023;INSTITUCIÓN EDUCATIVA NORMAL SUPERIOR NUESTRA SEÑORA DE LA ENCARNACION;225535000061;ESCUELA ZALDUA;RURAL;VEREDA ZALDUA;3123593128;LEGALIZADO;PREESCOLAR,BÁSICA PRIMARIA;EDUCACIÓN TRADICIONAL;0,1,2,3,4,5;4.288275;-74.27039;2705.4;;;;;;;;;;;;;;;;;
CUNDINAMARCA;25;CUNDINAMARCA;25535;PASCA;125535000023;INSTITUCIÓN EDUCATIVA NORMAL SUPERIOR NUESTRA SEÑORA DE LA ENCARNACION;225535000109;ESCUELA BOCADEMONTE;RURAL;VEREDA BOCADEMONTE;3132528407;LEGALIZADO;PREESCOLAR,BÁSICA PRIMARIA;EDUCACIÓN TRADICIONAL;0,1,2,3,4,5;4.316357;-74.28964;2412;;;;;;;;;;;;;;;;;
CUNDINAMARCA;25;CUNDINAMARCA;25535;PASCA;125535000023;INSTITUCIÓN EDUCATIVA NORMAL SUPERIOR NUESTRA SEÑORA DE LA ENCARNACION;125535000562;ESCUELA URBANA POLICARPA SALAVARRIETA;URBANA;CALLE 3 # 2-76;8688327;LEGALIZADO;BÁSICA PRIMARIA;EDUCACIÓN TRADICIONAL;1,2,3;;;;;;;;;;;;;;;;;;;;
CUNDINAMARCA;25;CUNDINAMARCA;25535;PASCA;125535000023;INSTITUCIÓN EDUCATIVA NORMAL SUPERIOR NUESTRA SEÑORA DE LA ENCARNACION;225535000150;ESCUELA RURAL  GUCHIPAS;RURAL;VEREDA GUCHIPAS;8688046 / 3144733277;LEGALIZADO;PREESCOLAR,BÁSICA PRIMARIA;EDUCACIÓN TRADICIONAL;0,1,2,3,4,5;4.339267;-74.3226;2267.1;;;;;;;;;;;;;;;;;
CUNDINAMARCA;25;CUNDINAMARCA;25535;PASCA;125535000023;INSTITUCIÓN EDUCATIVA NORMAL SUPERIOR NUESTRA SEÑORA DE LA ENCARNACION;225535000311;ESCUELA EL BOBAL;RURAL;VEREDA EL BOBAL;3115561997;LEGALIZADO;PREESCOLAR,BÁSICA PRIMARIA;EDUCACIÓN TRADICIONAL;0,1,2,3,4,5;4.338528;-74.26928;2815.1;;;;;;;;;;;;;;;;;
CUNDINAMARCA;25;CUNDINAMARCA;25535;PASCA;125535000023;INSTITUCIÓN EDUCATIVA NORMAL SUPERIOR NUESTRA SEÑORA DE LA ENCARNACION;225535000141;ESCUELA CORRALES;RURAL;VEREDA CORRALES;3142333168;LEGALIZADO;PREESCOLAR,BÁSICA PRIMARIA;EDUCACIÓN TRADICIONAL;0,1,2,3,4,5;4.260192;-74.24632;3232.7;;;;;;;;;;;;;;;;;
CUNDINAMARCA;25;CUNDINAMARCA;25535;PASCA;125535000023;INSTITUCIÓN EDUCATIVA NORMAL SUPERIOR NUESTRA SEÑORA DE LA ENCARNACION;225535000214;ESCUELA LA ESPERANZA;RURAL;VEREDA LA ESPERANZA;3143126273;LEGALIZADO;PREESCOLAR,BÁSICA PRIMARIA;EDUCACIÓN TRADICIONAL;0,1,2,3,4,5;4.271277;-74.26854;2860;;;;;;;;;;;;;;;;;
CUNDINAMARCA;25;CUNDINAMARCA;25535;PASCA;125535000023;INSTITUCIÓN EDUCATIVA NORMAL SUPERIOR NUESTRA SEÑORA DE LA ENCARNACION;225535000401;ESCUELA RURAL PROVIDENCIA;RURAL;VEREDA PROVIDENCIA;3118522502;LEGALIZADO;PREESCOLAR,BÁSICA PRIMARIA;EDUCACIÓN TRADICIONAL;0,1,2,3,4,5;4.373631;-74.31816;2239.8;;;;;;;;;;;;;;;;;
CUNDINAMARCA;25;CUNDINAMARCA;25535;PASCA;125535000023;INSTITUCIÓN EDUCATIVA NORMAL SUPERIOR NUESTRA SEÑORA DE LA ENCARNACION;125535000023;INSTITUCIÓN EDUCATIVA NORMAL SUPERIOR NUESTRA SEÑORA DE LA ENCARNACION;URBANA;CALLE 2 # 6-02;8688004;LEGALIZADO;PREESCOLAR,BÁSICA SECUNDARIA,BÁSICA PRIMARIA,MEDIA VOCACIONAL;EDUCACIÓN TRADICIONAL;0,1,2,3,4,5,6,7,8,9,10,11,12,13;;;;;;;;;;;;;;;;;;;;
CUNDINAMARCA;25;CUNDINAMARCA;25535;PASCA;125535000023;INSTITUCIÓN EDUCATIVA NORMAL SUPERIOR NUESTRA SEÑORA DE LA ENCARNACION;225535000427;ESCUELA EL ZAQUE;RURAL;VEREDA EL ZAQUE;3115277115;LEGALIZADO;PREESCOLAR,BÁSICA PRIMARIA;EDUCACIÓN TRADICIONAL;0,1,2,3,4,5;4.317466;-74.30742;2180;;;;;;;;;;;;;;;;;
CUNDINAMARCA;25;CUNDINAMARCA;25535;PASCA;125535000023;INSTITUCIÓN EDUCATIVA NORMAL SUPERIOR NUESTRA SEÑORA DE LA ENCARNACION;225535000303;ESCUELA SABANETA;RURAL;VEREDA SABANETA;3138735625;LEGALIZADO;PREESCOLAR,BÁSICA PRIMARIA;EDUCACIÓN TRADICIONAL;0,1,2,3,4,5;4.335202;-74.28594;2605.6;;;;;;;;;;;;;;;;;
CUNDINAMARCA;25;CUNDINAMARCA;25535;PASCA;125535000023;INSTITUCIÓN EDUCATIVA NORMAL SUPERIOR NUESTRA SEÑORA DE LA ENCARNACION;225535000273;ESCUELA RURAL SAN PABLO;RURAL;VEREDA SAN PABLO;8688004;LEGALIZADO;PREESCOLAR,BÁSICA PRIMARIA;EDUCACIÓN TRADICIONAL;0,1,2,3,4,5;4.307489;-74.32816;2091.8;;;;;;;;;;;;;;;;;
CUNDINAMARCA;25;CUNDINAMARCA;25535;PASCA;125535000023;INSTITUCIÓN EDUCATIVA NORMAL SUPERIOR NUESTRA SEÑORA DE LA ENCARNACION;225535000192;ESCUELA JUAN XXIII;RURAL;VEREDA JUAN XXIII;3133018758;LEGALIZADO;PREESCOLAR,BÁSICA PRIMARIA;EDUCACIÓN TRADICIONAL;0,1,2,3,4,5;4.358112;-74.26706;3096.7;;;;;;;;;;;;;;;;;
CUNDINAMARCA;25;CUNDINAMARCA;25535;PASCA;125535000023;INSTITUCIÓN EDUCATIVA NORMAL SUPERIOR NUESTRA SEÑORA DE LA ENCARNACION;125535000473;JARDIN INFANTIL JAIME HINCAPIE SANTAMARIA;URBANA;CALLE 2 # 5-15;8688004;LEGALIZADO;PREESCOLAR;EDUCACIÓN TRADICIONAL;0;;;;;;;;;;;;;;;;;;;;
CUNDINAMARCA;25;CUNDINAMARCA;25535;PASCA;225535000010;INSTITUCION EDUCATIVA DEPTAL ADOLFO LEON GOMEZ;225535000010;INSTITUCION EDUCATIVA DEPTAL ADOLFO LEON GOMEZ;RURAL;VEREDA EL RETIRO  PASCA;8688042;LEGALIZADO;BÁSICA SECUNDARIA,BÁSICA PRIMARIA,MEDIA VOCACIONAL;PROGRAMA PARA JÓVENES EN EXTRAEDAD Y ADULTOS,EDUCACIÓN TRADICIONAL;6,7,8,9,10,11,21,22,23,24,25,26;4.290122;-74.3089;2450.1;;;;;;;;;;;;;;;;;
CUNDINAMARCA;25;CUNDINAMARCA;25535;PASCA;225535000010;INSTITUCION EDUCATIVA DEPTAL ADOLFO LEON GOMEZ;225535000125;ESCUELA  RURAL  ALTAGRACIA;RURAL;VEREDA ALTAGRACIA;3133617764;LEGALIZADO;PREESCOLAR,BÁSICA PRIMARIA;EDUCACIÓN TRADICIONAL;0,1,2,3,4,5;4.281623;-74.33075;2312.8;;;;;;;;;;;;;;;;;
CUNDINAMARCA;25;CUNDINAMARCA;25535;PASCA;225535000010;INSTITUCION EDUCATIVA DEPTAL ADOLFO LEON GOMEZ;225535000168;ESCUELA  RURAL  EL  RETIRO;RURAL;VEREDA  EL  RETIRO;3103390024;LEGALIZADO;PREESCOLAR,BÁSICA PRIMARIA;EDUCACIÓN TRADICIONAL;0,1,2,3,4,5;;;;;;;;;;;;;;;;;;;;
CUNDINAMARCA;25;CUNDINAMARCA;25535;PASCA;225535000010;INSTITUCION EDUCATIVA DEPTAL ADOLFO LEON GOMEZ;225535000281;ESCUELA  RURAL  SAN  PEDRO;RURAL;VEREDA  SAN  PEDRO;3142106284;LEGALIZADO;PREESCOLAR,BÁSICA PRIMARIA;EDUCACIÓN TRADICIONAL;0,1,2,3,4,5;4.292339;-74.33148;2312.7;;;;;;;;;;;;;;;;;
CUNDINAMARCA;25;CUNDINAMARCA;25535;PASCA;225535000010;INSTITUCION EDUCATIVA DEPTAL ADOLFO LEON GOMEZ;225535000346;ESCUELA RURAL LAZARO FONTE;RURAL;VEREDA LAZARO FONTE;3124828357;LEGALIZADO;PREESCOLAR,BÁSICA PRIMARIA;EDUCACIÓN TRADICIONAL;0,1,2,3,4,5;4.274603;-74.29187;2720.1;;;;;;;;;;;;;;;;;
CUNDINAMARCA;25;CUNDINAMARCA;25535;PASCA;225535000010;INSTITUCION EDUCATIVA DEPTAL ADOLFO LEON GOMEZ;225535000559;ESCUELA RURAL QUEBRADAS;RURAL;VEREDA QUEBRADAS;3114589823;LEGALIZADO;PREESCOLAR,BÁSICA PRIMARIA;EDUCACIÓN TRADICIONAL;0,1,2,3,4,5;4.209569;-74.27223;3757.8;;;;;;;;;;;;;;;;;
CUNDINAMARCA;25;CUNDINAMARCA;25535;PASCA;225535000010;INSTITUCION EDUCATIVA DEPTAL ADOLFO LEON GOMEZ;225535000052;ESCUELA RURAL COSTA RICA;RURAL;VEREDA COSTA RICA;3134060102;LEGALIZADO;PREESCOLAR,BÁSICA PRIMARIA;EDUCACIÓN TRADICIONAL;0,1,2,3,4,5;4.24689;-74.27076;3159.8;;;;;;;;;;;;;;;;;
CUNDINAMARCA;25;CUNDINAMARCA;25535;PASCA;225535000010;INSTITUCION EDUCATIVA DEPTAL ADOLFO LEON GOMEZ;225535000176;ESCUELA RURAL EL CARMEN;RURAL;VEREDA EL CARMEN;3013810425;LEGALIZADO;PREESCOLAR,BÁSICA PRIMARIA;EDUCACIÓN TRADICIONAL;0,1,2,3,4,5;4.212155;-74.3026;3271.6;;;;;;;;;;;;;;;;;
CUNDINAMARCA;25;CUNDINAMARCA;25535;PASCA;225535000010;INSTITUCION EDUCATIVA DEPTAL ADOLFO LEON GOMEZ;225535000206;ESCUELA RURAL  LA CAJITA;RURAL;VEREDA LA CAJITA;3107947988;LEGALIZADO;PREESCOLAR,BÁSICA PRIMARIA;EDUCACIÓN TRADICIONAL;0,1,2,3,4,5;4.309706;-74.23188;3153;;;;;;;;;;;;;;;;;
CUNDINAMARCA;25;CUNDINAMARCA;25535;PASCA;125535000023;INSTITUCIÓN EDUCATIVA NORMAL SUPERIOR NUESTRA SEÑORA DE LA ENCARNACION;225535000354;ESCUELA SAN JOAQUIN;RURAL;VEREDA SAN JOAQUIN;3152152092;LEGALIZADO;PREESCOLAR,BÁSICA PRIMARIA;EDUCACIÓN TRADICIONAL;0,1,2,3,4,5;4.352569;-74.32334;2328.9;;;;;;;;;;;;;;;;;
CUNDINAMARCA;25;CUNDINAMARCA;25535;PASCA;225535000010;INSTITUCION EDUCATIVA DEPTAL ADOLFO LEON GOMEZ;225535000435;ESCUELA RURAL COLORADOS ALTO;RURAL;VEREDA COLORADOS ALTO;3102228254;LEGALIZADO;PREESCOLAR,BÁSICA PRIMARIA;EDUCACIÓN TRADICIONAL;0,1,2,3,4,5;4.364393;-74.26003;3378.6;;;;;;;;;;;;;;;;;
CUNDINAMARCA;25;CUNDINAMARCA;25535;PASCA;225535000010;INSTITUCION EDUCATIVA DEPTAL ADOLFO LEON GOMEZ;225535000079;ESCUELA RURAL ZORATAMA;RURAL;VEREDA EL TENDIDO;3123669889;LEGALIZADO;PREESCOLAR,BÁSICA PRIMARIA;EDUCACIÓN TRADICIONAL;0,1,2,3,4,5;4.317835;-74.25077;2828.1;;;;;;;;;;;;;;;;;
CUNDINAMARCA;25;CUNDINAMARCA;25535;PASCA;225535000010;INSTITUCION EDUCATIVA DEPTAL ADOLFO LEON GOMEZ;225535000222;ESCUELA RURAL LA MESA;RURAL;VEREDA LA MESA;3123637433;LEGALIZADO;PREESCOLAR,BÁSICA PRIMARIA;EDUCACIÓN TRADICIONAL;0,1,2,3,4,5;4.304902;-74.27483;2526;;;;;;;;;;;;;;;;;
CUNDINAMARCA;25;CUNDINAMARCA;25535;PASCA;225535000010;INSTITUCION EDUCATIVA DEPTAL ADOLFO LEON GOMEZ;225535000419;ESCUELA  RURAL  LA  ARGENTINA;RURAL;VEREDA  LA  ARGENTINA;;LEGALIZADO;PREESCOLAR,BÁSICA PRIMARIA;EDUCACIÓN TRADICIONAL;0,1,2,3,4,5;4.257975;-74.27705;2953.7;;;;;;;;;;;;;;;;;
CUNDINAMARCA;25;CUNDINAMARCA;25535;PASCA;225535000010;INSTITUCION EDUCATIVA DEPTAL ADOLFO LEON GOMEZ;225535000184;ESCUELA RURAL JUAN VIEJO;RURAL;VEREDA JUAN VIEJO;3123379410;LEGALIZADO;PREESCOLAR,BÁSICA PRIMARIA;EDUCACIÓN TRADICIONAL;0,1,2,3,4,5;4.235805;-74.27779;3316.9;;;;;;;;;;;;;;;;;
CUNDINAMARCA;25;CUNDINAMARCA;25535;PASCA;225535000010;INSTITUCION EDUCATIVA DEPTAL ADOLFO LEON GOMEZ;225535000290;ESCUELA RURAL SANTA TERESITA;RURAL;VEREDA SANTA TERESITA;3133790431;LEGALIZADO;PREESCOLAR,BÁSICA PRIMARIA;EDUCACIÓN TRADICIONAL;0,1,2,3,4,5;4.260192;-74.31594;2689.2;;;;;;;;;;;;;;;;;
CUNDINAMARCA;25;CUNDINAMARCA;25535;PASCA;225535000010;INSTITUCION EDUCATIVA DEPTAL ADOLFO LEON GOMEZ;225535000320;ESCUELA RURAL QUEBRADA HONDA;RURAL;VEREDA QUEBRADA HONDA;2701325;LEGALIZADO;PREESCOLAR,BÁSICA PRIMARIA;EDUCACIÓN TRADICIONAL;0,1,2,3,4,5;;;;;;;;;;;;;;;;;;;;
CUNDINAMARCA;25;CUNDINAMARCA;25535;PASCA;325535000591;INSTITUTO CAPACITAR                                              ;625473000055;INSTITUTO CAPACITAR                                              ;URBANA;KM 6 VEREDA ALTO DEL MOLINO;3132587933;LEGALIZADO;BÁSICA SECUNDARIA,BÁSICA PRIMARIA,MEDIA VOCACIONAL;PROGRAMA PARA JÓVENES EN EXTRAEDAD Y ADULTOS;21,22,23,24,25;;;;;;;;;;;;;;;;;;;;
CUNDINAMARCA;25;CUNDINAMARCA;25649;SAN BERNARDO;225649000435;INTITUCION EDUCATIVA RURAL DEPARTAMENTAL ANDES;225649000435;INTITUCION EDUCATIVA DEPARTAMENTAL INTEGRADA ANDES ;RURAL;VEREDA EL DIAMANTE;8680012;LEGALIZADO;BÁSICA SECUNDARIA,BÁSICA PRIMARIA,MEDIA VOCACIONAL;EDUCACIÓN TRADICIONAL,CAFAM;6,7,8,9,10,11,21,22,23,24,25,26;4.142961;-74.37566;2248.5;;;;;;;;;;;;;;;;;
CUNDINAMARCA;25;CUNDINAMARCA;25649;SAN BERNARDO;225649000435;INTITUCION EDUCATIVA RURAL DEPARTAMENTAL ANDES;225649000109;ESCUELA RURAL EL TULCAN;RURAL;VEREDA EL TULCAN;8680012;LEGALIZADO;PREESCOLAR,BÁSICA PRIMARIA;ESCUELA NUEVA;0,1,2,3,4,5;4.14362;-74.36309;2352.5;;;;;;;;;;;;;;;;;
CUNDINAMARCA;25;CUNDINAMARCA;25649;SAN BERNARDO;225649000435;INTITUCION EDUCATIVA RURAL DEPARTAMENTAL ANDES;225649000371;ESCUELA RURAL HONDURAS;RURAL;VEREDA HONDURAS;8680012;LEGALIZADO;PREESCOLAR,BÁSICA PRIMARIA;ESCUELA NUEVA;0,1,2,3,4,5;;;;;;;;;;;;;;;;;;;;
CUNDINAMARCA;25;CUNDINAMARCA;25649;SAN BERNARDO;225649000435;INTITUCION EDUCATIVA RURAL DEPARTAMENTAL ANDES;225649000141;ESCUELA RURAL EL DORADO;RURAL;VEREDA EL DORADO;8680012;LEGALIZADO;PREESCOLAR,BÁSICA PRIMARIA;ESCUELA NUEVA,EDUCACIÓN TRADICIONAL;0,1,2,3,4,5;4.172297;-74.34788;2833.1;;;;;;;;;;;;;;;;;
CUNDINAMARCA;25;CUNDINAMARCA;25649;SAN BERNARDO;225649000443;INSTITUCIÓN EDUCATIVA RURAL DEPARTAMENTAL PORTONES;225649000028;ESCUELA RURAL  PORTONES;RURAL;VEREDA PORTONES;8680059;LEGALIZADO;PREESCOLAR,BÁSICA PRIMARIA;EDUCACIÓN TRADICIONAL;0,1,2,3,4,5;4.211522;-74.44476;1568.9;;;;;;;;;;;;;;;;;
CUNDINAMARCA;25;CUNDINAMARCA;25649;SAN BERNARDO;225649000443;INSTITUCIÓN EDUCATIVA RURAL DEPARTAMENTAL PORTONES;225649000443;INSTITUCIÓN EDUCATICA INTEGRADA  PORTONES;RURAL;VEREDA DE PORTONES;8680059;LEGALIZADO;PREESCOLAR,BÁSICA SECUNDARIA,MEDIA VOCACIONAL;EDUCACIÓN TRADICIONAL;0,6,7,8,9,10,11;;;;;;;;;;;;;;;;;;;;
CUNDINAMARCA;25;CUNDINAMARCA;25649;SAN BERNARDO;225649000443;INSTITUCIÓN EDUCATIVA RURAL DEPARTAMENTAL PORTONES;225649000044;ESCUELA RURAL SAN ANTONIO;RURAL;VEREDA SAN ANTONIO;8680476;LEGALIZADO;PREESCOLAR,BÁSICA PRIMARIA;ESCUELA NUEVA;0,1,2,3,4,5;4.206248;-74.42525;1969.1;;;;;;;;;;;;;;;;;
CUNDINAMARCA;25;CUNDINAMARCA;25649;SAN BERNARDO;225649000443;INSTITUCIÓN EDUCATIVA RURAL DEPARTAMENTAL PORTONES;225649000249;ESCUELA RURAL EL CARMEN;RURAL;VEREDA EL CARMEN;8680059;LEGALIZADO;PREESCOLAR,BÁSICA PRIMARIA;ESCUELA NUEVA;0,1,2,3,4,5;4.184823;-74.42493;1689.3;;;;;;;;;;;;;;;;;
CUNDINAMARCA;25;CUNDINAMARCA;25649;SAN BERNARDO;225649000435;INTITUCION EDUCATIVA RURAL DEPARTAMENTAL ANDES;225649000133;ESCUELA RURAL EL DIAMANTE;RURAL;VEREDA EL DIAMANTE;8680012;LEGALIZADO;PREESCOLAR,BÁSICA SECUNDARIA,BÁSICA PRIMARIA;ESCUELA NUEVA,EDUCACIÓN TRADICIONAL;0,1,2,3,4,5,6,7,8;;;;;;;;;;;;;;;;;;;;
CUNDINAMARCA;25;CUNDINAMARCA;25649;SAN BERNARDO;125649000015;INSTITUCION EDUCATIVA DEPARTAMENTAL ESCUELA NORMAL SUPERIOR ;225649000451;ESCUELA RURAL LA MARIA;RURAL;VEREDA PIRINEOS ALTO;8680012;LEGALIZADO;PREESCOLAR,BÁSICA PRIMARIA;ESCUELA NUEVA;0,1,2,3,4,5;;;;;;;;;;;;;;;;;;;;
CUNDINAMARCA;25;CUNDINAMARCA;25649;SAN BERNARDO;125649000015;INSTITUCION EDUCATIVA DEPARTAMENTAL ESCUELA NORMAL SUPERIOR ;225649000150;ESCUELA RURAL LA DESPENSA;RURAL;VEREDA LA DESPENSA;8680554;LEGALIZADO;PREESCOLAR,BÁSICA PRIMARIA;ESCUELA NUEVA;0,1,2,3,4,5;4.173616;-74.43683;1820.6;;;;;;;;;;;;;;;;;
CUNDINAMARCA;25;CUNDINAMARCA;25649;SAN BERNARDO;125649000341;INSTITUCION EDUCATIVA DEPARTAMENTAL SAN BERNARDO;125649000341;INSTITUCION EDUCATIVA DEPARTAMENTAL SAN BERNARDO;URBANA;CALLE 7 NO. 7 - 99;8680060;LEGALIZADO;BÁSICA SECUNDARIA,BÁSICA PRIMARIA,MEDIA VOCACIONAL;PROGRAMA PARA JÓVENES EN EXTRAEDAD Y ADULTOS,EDUCACIÓN TRADICIONAL,CAFAM;6,7,8,9,10,11,21,22,23,24,25,26;;;;;;;;;;;;;;;;;;;;
CUNDINAMARCA;25;CUNDINAMARCA;25649;SAN BERNARDO;125649000341;INSTITUCION EDUCATIVA DEPARTAMENTAL SAN BERNARDO;125649000180;CONCENTRACION URBANA GENERAL SANTANDER;URBANA;BARRIO JUAN XXIII;8680073;LEGALIZADO;PREESCOLAR,BÁSICA PRIMARIA;EDUCACIÓN TRADICIONAL;0,1,2,3,4,5;;;;;;;;;;;;;;;;;;;;
CUNDINAMARCA;25;CUNDINAMARCA;25649;SAN BERNARDO;125649000341;INSTITUCION EDUCATIVA DEPARTAMENTAL SAN BERNARDO;125649000171;CONCENTRACION URBANA ALFONSO VELASQUEZ MAZUERA;URBANA;BARRIO SANTA TERESA;8680233;LEGALIZADO;PREESCOLAR,BÁSICA PRIMARIA;EDUCACIÓN TRADICIONAL;0,1,2,3,4,5;;;;;;;;;;;;;;;;;;;;
CUNDINAMARCA;25;CUNDINAMARCA;25649;SAN BERNARDO;225649000435;INTITUCION EDUCATIVA RURAL DEPARTAMENTAL ANDES;225649000192;ESCUELA RURAL AGUADAS;RURAL;AGUANEGRA;8680180;LEGALIZADO;PREESCOLAR,BÁSICA SECUNDARIA,BÁSICA PRIMARIA;POST PRIMARIA,ESCUELA NUEVA,EDUCACIÓN TRADICIONAL;0,1,2,3,4,5,6,7,8,9;4.176912;-74.37863;2426.7;;;;;;;;;;;;;;;;;
CUNDINAMARCA;25;CUNDINAMARCA;25649;SAN BERNARDO;225649000435;INTITUCION EDUCATIVA RURAL DEPARTAMENTAL ANDES;225649000362;ESCUELA RURAL LAUREL BAJO;RURAL;VEREDA LAUREL BAJO;8686012;LEGALIZADO;PREESCOLAR,BÁSICA PRIMARIA;ESCUELA NUEVA;0,1,2,3,4,5;4.149883;-74.38789;2050.4;;;;;;;;;;;;;;;;;
CUNDINAMARCA;25;CUNDINAMARCA;25649;SAN BERNARDO;225649000435;INTITUCION EDUCATIVA RURAL DEPARTAMENTAL ANDES;225649000460;ESCUELA RURAL EL PILAR;RURAL;VEREDA EL PILAR;8680012;LEGALIZADO;PREESCOLAR,BÁSICA PRIMARIA;ESCUELA NUEVA;0,1,2,3,4,5;4.145268;-74.2834;3850.5;;;;;;;;;;;;;;;;;
CUNDINAMARCA;25;CUNDINAMARCA;25649;SAN BERNARDO;225649000435;INTITUCION EDUCATIVA RURAL DEPARTAMENTAL ANDES;225649000222;ESCUELA RURAL LOS ANDES;RURAL;VEREDA LOS ANDES;8680012;LEGALIZADO;PREESCOLAR,BÁSICA PRIMARIA;ESCUELA NUEVA;0,1,2,3,4,5;4.154827;-74.39616;2043.9;;;;;;;;;;;;;;;;;
CUNDINAMARCA;25;CUNDINAMARCA;25649;SAN BERNARDO;125649000015;INSTITUCION EDUCATIVA DEPARTAMENTAL ESCUELA NORMAL SUPERIOR ;125649000015;INSTITUCION EDUCATIVA DEPARTAMENTAL ESCUELA NORMAL SUPERIOR;RURAL;CARRETERA VIA LA UNCHIA;8680021;LEGALIZADO;PREESCOLAR,BÁSICA SECUNDARIA,BÁSICA PRIMARIA,MEDIA VOCACIONAL;PROGRAMA PARA JÓVENES EN EXTRAEDAD Y ADULTOS,EDUCACIÓN TRADICIONAL;0,1,2,3,4,5,6,7,8,9,10,11,12,13,21,22,23,24,25,26;;;;;;;;;;;;;;;;;;;;
CUNDINAMARCA;25;CUNDINAMARCA;25649;SAN BERNARDO;125649000015;INSTITUCION EDUCATIVA DEPARTAMENTAL ESCUELA NORMAL SUPERIOR ;225649000052;ESCUELA RURAL SAN MIGUEL;RURAL;VEREDA SAN MIGUEL;8680304;LEGALIZADO;PREESCOLAR,BÁSICA PRIMARIA;ESCUELA NUEVA;0,1,2,3,4,5;4.174275;-74.42955;1868.9;;;;;;;;;;;;;;;;;
CUNDINAMARCA;25;CUNDINAMARCA;25649;SAN BERNARDO;125649000015;INSTITUCION EDUCATIVA DEPARTAMENTAL ESCUELA NORMAL SUPERIOR ;225649000214;ESCUELA RURAL ALEJANDRIA;RURAL;VEREDA ALEJANDRIA;8680431;LEGALIZADO;PREESCOLAR,BÁSICA PRIMARIA;ESCUELA NUEVA;0,1,2,3,4,5;4.168342;-74.39781;2004.5;;;;;;;;;;;;;;;;;
CUNDINAMARCA;25;CUNDINAMARCA;25649;SAN BERNARDO;125649000015;INSTITUCION EDUCATIVA DEPARTAMENTAL ESCUELA NORMAL SUPERIOR ;225649000125;ESCUELA RURAL PIRINEOS BAJOS;RURAL;VEREDA PIRINEOS;8680373;LEGALIZADO;PREESCOLAR,BÁSICA PRIMARIA;ESCUELA NUEVA;0,1,2,3,4,5;4.136698;-74.41666;2167.6;;;;;;;;;;;;;;;;;
CUNDINAMARCA;25;CUNDINAMARCA;25649;SAN BERNARDO;125649000015;INSTITUCION EDUCATIVA DEPARTAMENTAL ESCUELA NORMAL SUPERIOR ;225649000079;ESCUELA RURAL SANTA MARTA;RURAL;VEREDA SANTA MARTA;8680021;LEGALIZADO;PREESCOLAR,BÁSICA PRIMARIA;ESCUELA NUEVA;0,1,2,3,4,5;4.101099;-74.40971;2420.7;;;;;;;;;;;;;;;;;
CUNDINAMARCA;25;CUNDINAMARCA;25649;SAN BERNARDO;125649000015;INSTITUCION EDUCATIVA DEPARTAMENTAL ESCUELA NORMAL SUPERIOR ;225649000095;COLEGIO BÁSICO SANTA RITA;RURAL;VEREDA SANTA RITA;8680021;LEGALIZADO;PREESCOLAR,BÁSICA SECUNDARIA,BÁSICA PRIMARIA,MEDIA VOCACIONAL;POST PRIMARIA,ESCUELA NUEVA;0,1,2,3,4,5,6,7,8,9,10,11;4.115273;-74.43153;2280.6;;;;;;;;;;;;;;;;;
CUNDINAMARCA;25;CUNDINAMARCA;25649;SAN BERNARDO;225649000443;INSTITUCIÓN EDUCATIVA RURAL DEPARTAMENTAL PORTONES;225649000273;ESCUELA RURAL  NIÑA MARÍA;RURAL;QUECOS;8086180;LEGALIZADO;PREESCOLAR,BÁSICA PRIMARIA;ESCUELA NUEVA;0,1,2,3,4,5;4.191415;-74.38855;2335.2;;;;;;;;;;;;;;;;;
CUNDINAMARCA;25;CUNDINAMARCA;25649;SAN BERNARDO;225649000443;INSTITUCIÓN EDUCATIVA RURAL DEPARTAMENTAL PORTONES;225649000290;ESCUELA RURAL  LA ROSITA;RURAL;VEREDA QUECOS;;LEGALIZADO;PREESCOLAR,BÁSICA PRIMARIA;ESCUELA NUEVA;0,1,2,3,4,5;;;;;;;;;;;;;;;;;;;;
CUNDINAMARCA;25;CUNDINAMARCA;25649;SAN BERNARDO;225649000443;INSTITUCIÓN EDUCATIVA RURAL DEPARTAMENTAL PORTONES;225649000036;ESCUELA RURAL  AMÉRICAS;RURAL;VEREDA QUECOS;8680180;LEGALIZADO;PREESCOLAR,BÁSICA PRIMARIA;ESCUELA NUEVA;0,1,2,3,4,5;;;;;;;;;;;;;;;;;;;;
CUNDINAMARCA;25;CUNDINAMARCA;25649;SAN BERNARDO;225649000435;INTITUCION EDUCATIVA RURAL DEPARTAMENTAL ANDES;225649000303;ESCUELA RURAL LAS VEGAS;RURAL;VDA LAS VEGAS;8680012;POR APROBAR;PREESCOLAR,BÁSICA PRIMARIA;ESCUELA NUEVA;0,1,2,3,4,5;4.081321;-74.35714;3234.7;;;;;;;;;;;;;;;;;
CUNDINAMARCA;25;CUNDINAMARCA;25649;SAN BERNARDO;225649000435;INTITUCION EDUCATIVA RURAL DEPARTAMENTAL ANDES;225649000281;ESCUELA RURAL LA GRACIELA;RURAL;VEREDA LA GRACIELA;2456980;LEGALIZADO;PREESCOLAR,BÁSICA PRIMARIA;ESCUELA NUEVA;0,1,2,3,4,5;4.137357;-74.34888;2687.2;;;;;;;;;;;;;;;;;
CUNDINAMARCA;25;CUNDINAMARCA;25649;SAN BERNARDO;225649000435;INTITUCION EDUCATIVA RURAL DEPARTAMENTAL ANDES;225649000168;ESCUELA RURAL LAUREL ALTO;RURAL;LAUREL ALTO;8680180;LEGALIZADO;PREESCOLAR,BÁSICA PRIMARIA;EDUCACIÓN TRADICIONAL;0,1,2,3,4,5;4.158782;-74.375;2418;;;;;;;;;;;;;;;;;
CUNDINAMARCA;25;CUNDINAMARCA;25743;SILVANIA;225743000562;INSTITUCIÓN EDUCATIVA RURAL DEPARTAMENTAL DE SUBIA;225743001038;ESCUELA RURAL LA SOLEDAD;RURAL;VEREDA SUBIA;3144454736;LEGALIZADO;PREESCOLAR,BÁSICA PRIMARIA;EDUCACIÓN TRADICIONAL;0,1,2,3,4,5;4.476017;-74.39236;2129.5;;;;;;;;;;;;;;;;;
CUNDINAMARCA;25;CUNDINAMARCA;25743;SILVANIA;225743000619;INSTITUCIÓN EDUCATIVA RURAL DEPARTAMENTAL AGUABONITA;225743000422;ESCUELA RURAL BUNARÁ;RURAL;VEREDA NORUEGA ALTA - BUNARA;3134889069;LEGALIZADO;PREESCOLAR,BÁSICA PRIMARIA;EDUCACIÓN TRADICIONAL;0,1,2,3,4,5;4.475466;-74.35939;2099.3;;;;;;;;;;;;;;;;;
CUNDINAMARCA;25;CUNDINAMARCA;25743;SILVANIA;225743000619;INSTITUCIÓN EDUCATIVA RURAL DEPARTAMENTAL AGUABONITA;225743000155;ESCUELA RURAL SAN LUIS ALTO;RURAL;VEREDA SAN LUIS ALTO SILVANIA;3134889069;LEGALIZADO;PREESCOLAR,BÁSICA PRIMARIA;EDUCACIÓN TRADICIONAL;0,1,2,3,4,5;4.452019;-74.36659;2043.3;;;;;;;;;;;;;;;;;
CUNDINAMARCA;25;CUNDINAMARCA;25743;SILVANIA;225743000619;INSTITUCIÓN EDUCATIVA RURAL DEPARTAMENTAL AGUABONITA;225743000503;ESCUELA RURAL SANTA RITA ALTA;RURAL;VEREDA  SANTA RITA;3134889069;LEGALIZADO;PREESCOLAR,BÁSICA PRIMARIA;EDUCACIÓN TRADICIONAL;0,1,2,3,4,5;4.404022;-74.33722;1911.9;;;;;;;;;;;;;;;;;
CUNDINAMARCA;25;CUNDINAMARCA;25743;SILVANIA;225743000619;INSTITUCIÓN EDUCATIVA RURAL DEPARTAMENTAL AGUABONITA;225743000350;ESCUELA RURAL SANTA RITA BAJA;RURAL;VEREDA SANTA RITA BAJA;0;LEGALIZADO;PREESCOLAR,BÁSICA PRIMARIA;EDUCACIÓN TRADICIONAL;0,1,2,3,4,5;;;;;;;;;;;;;;;;;;;;
CUNDINAMARCA;25;CUNDINAMARCA;25743;SILVANIA;225743000619;INSTITUCIÓN EDUCATIVA RURAL DEPARTAMENTAL AGUABONITA;225743000074;ESCUELA RURAL SANTA RITA LAS PALMAS;RURAL;VEREDA SANTA RITA;3134889069;LEGALIZADO;PREESCOLAR,BÁSICA PRIMARIA;EDUCACIÓN TRADICIONAL;0,1,2,3,4,5;;;;;;;;;;;;;;;;;;;;
CUNDINAMARCA;25;CUNDINAMARCA;25743;SILVANIA;225743000619;INSTITUCIÓN EDUCATIVA RURAL DEPARTAMENTAL AGUABONITA;225743000252;ESCUELA RURAL VICTORIA  ALTA;RURAL;VEREDA VICTORIA  ALTA;3134889069;LEGALIZADO;PREESCOLAR,BÁSICA PRIMARIA;EDUCACIÓN TRADICIONAL;0,1,2,3,4,5;4.443192;-74.33971;2086.7;;;;;;;;;;;;;;;;;
CUNDINAMARCA;25;CUNDINAMARCA;25743;SILVANIA;225743000619;INSTITUCIÓN EDUCATIVA RURAL DEPARTAMENTAL AGUABONITA;225743000244;ESCUELA RURAL VICTORIA BAJA;RURAL;VEREDA VICTORIA BAJA;3134889069;LEGALIZADO;PREESCOLAR,BÁSICA PRIMARIA;EDUCACIÓN TRADICIONAL;0,1,2,3,4,5;;;;;;;;;;;;;;;;;;;;
CUNDINAMARCA;25;CUNDINAMARCA;25743;SILVANIA;225743000619;INSTITUCIÓN EDUCATIVA RURAL DEPARTAMENTAL AGUABONITA;225743000619;INSTITUCION EDUCATIVA DEPARTAMENTAL AGUABONITA;RURAL;VEREDA AGUABONITA SECTOR LA ESPERANZA;3134889069;LEGALIZADO;BÁSICA SECUNDARIA,BÁSICA PRIMARIA,MEDIA VOCACIONAL;EDUCACIÓN TRADICIONAL,CAFAM;1,6,7,8,9,10,11,21;;;;;;;;;;;;;;;;;;;;
CUNDINAMARCA;25;CUNDINAMARCA;25743;SILVANIA;225743000619;INSTITUCIÓN EDUCATIVA RURAL DEPARTAMENTAL AGUABONITA;225743000465;ESCUELA RURAL EL ESTABLO;RURAL;AGUABONITA SECTOR LA ESPERANZA;3134889069;LEGALIZADO;PREESCOLAR,BÁSICA PRIMARIA;EDUCACIÓN TRADICIONAL;-1,0,1,2,3,4,5;;;;;;;;;;;;;;;;;;;;
CUNDINAMARCA;25;CUNDINAMARCA;25743;SILVANIA;225743000619;INSTITUCIÓN EDUCATIVA RURAL DEPARTAMENTAL AGUABONITA;225743000538;ESCUELA RURAL SANTA ISABEL;RURAL;VEREDA SANTA RITA;3134889069;LEGALIZADO;PREESCOLAR,BÁSICA PRIMARIA;EDUCACIÓN TRADICIONAL;0,1,2,3,4,5;;;;;;;;;;;;;;;;;;;;
CUNDINAMARCA;25;CUNDINAMARCA;25743;SILVANIA;225743000619;INSTITUCIÓN EDUCATIVA RURAL DEPARTAMENTAL AGUABONITA;225290001023;ESCUELA RURAL EL CABLE;RURAL;AGUABONITA;3134889069;LEGALIZADO;PREESCOLAR,BÁSICA PRIMARIA;EDUCACIÓN TRADICIONAL;0,1,2,3,4,5;4.417539;-74.33167;2184.2;;;;;;;;;;;;;;;;;
CUNDINAMARCA;25;CUNDINAMARCA;25743;SILVANIA;225743000619;INSTITUCIÓN EDUCATIVA RURAL DEPARTAMENTAL AGUABONITA;225743000333;ESCUELA RURAL JALISCO;RURAL;AGUABONITA SECTOR JALISCO;3134889069;LEGALIZADO;PREESCOLAR,BÁSICA PRIMARIA;EDUCACIÓN TRADICIONAL;0,1,2,3,4,5;;;;;;;;;;;;;;;;;;;;
CUNDINAMARCA;25;CUNDINAMARCA;25743;SILVANIA;225743000619;INSTITUCIÓN EDUCATIVA RURAL DEPARTAMENTAL AGUABONITA;225743000392;ESCUELA RURAL EL PORVENIR;RURAL;AGUABONITA SECTOR EL PORVENIR;3134889069;LEGALIZADO;PREESCOLAR,BÁSICA PRIMARIA;EDUCACIÓN TRADICIONAL;0,1,2,3,4,5;;;;;;;;;;;;;;;;;;;;
CUNDINAMARCA;25;CUNDINAMARCA;25743;SILVANIA;225743000619;INSTITUCIÓN EDUCATIVA RURAL DEPARTAMENTAL AGUABONITA;225743000571;ESCUELA RURAL  LAS ROSAS;RURAL;AGUABONITA SECTOR LAS ROSAS;3134889069;LEGALIZADO;PREESCOLAR,BÁSICA PRIMARIA;EDUCACIÓN TRADICIONAL;0,1,2,3,4,5;;;;;;;;;;;;;;;;;;;;
CUNDINAMARCA;25;CUNDINAMARCA;25743;SILVANIA;225743000619;INSTITUCIÓN EDUCATIVA RURAL DEPARTAMENTAL AGUABONITA;225743000589;ESCUELA RURAL LA PRIMAVERA;RURAL;AGUABONITA SECTOR LA PRIMAVERA;4941473;LEGALIZADO;PREESCOLAR,BÁSICA PRIMARIA;EDUCACIÓN TRADICIONAL;0,1,2,3,4,5;;;;;;;;;;;;;;;;;;;;
CUNDINAMARCA;25;CUNDINAMARCA;25743;SILVANIA;225743000619;INSTITUCIÓN EDUCATIVA RURAL DEPARTAMENTAL AGUABONITA;225743000414;ESCUELA RURAL EL TRIUNFO;RURAL;AGUABONITA SECTOR MONTERICO;3134889069;LEGALIZADO;PREESCOLAR,BÁSICA PRIMARIA;EDUCACIÓN TRADICIONAL;0,1,2,3,4,5;;;;;;;;;;;;;;;;;;;;
CUNDINAMARCA;25;CUNDINAMARCA;25743;SILVANIA;225743000562;INSTITUCIÓN EDUCATIVA RURAL DEPARTAMENTAL DE SUBIA;225743000562;INSTITUCION EDUCATIVA DEPARTAMENTAL DE SUBIA;RURAL;INSPECCIÓN SUBIA;3144454736;LEGALIZADO;BÁSICA SECUNDARIA,BÁSICA PRIMARIA,MEDIA VOCACIONAL;PROGRAMA PARA JÓVENES EN EXTRAEDAD Y ADULTOS,EDUCACIÓN TRADICIONAL,CAFAM;6,7,8,9,10,11,21,22,23,24,25,26;;;;;;;;;;;;;;;;;;;;
CUNDINAMARCA;25;CUNDINAMARCA;25743;SILVANIA;125743000401;INSTITUCION EDUCATIVA DEPARTAMENTAL SANTA INES;225743000082;ESCUELA RURAL LOMA ALTA;RURAL;VEREDA LOMA ALTA;0;LEGALIZADO;PREESCOLAR,BÁSICA PRIMARIA;EDUCACIÓN TRADICIONAL;0,1,2,3,4,5;4.397678;-74.41066;1575.3;;;;;;;;;;;;;;;;;
CUNDINAMARCA;25;CUNDINAMARCA;25743;SILVANIA;125743000401;INSTITUCION EDUCATIVA DEPARTAMENTAL SANTA INES;225743000121;ESCUELA  RURAL  PANAMA ALTA;RURAL;VEREDA PANAMA ALTA;0;LEGALIZADO;PREESCOLAR,BÁSICA PRIMARIA;EDUCACIÓN TRADICIONAL;0,1,2,3,4,5;4.391885;-74.42812;1758;;;;;;;;;;;;;;;;;
CUNDINAMARCA;25;CUNDINAMARCA;25743;SILVANIA;125743000401;INSTITUCION EDUCATIVA DEPARTAMENTAL SANTA INES;225743000368;ESCUELA RURAL PANAMA BAJO;RURAL;VEREDA PANAMA BAJO;0;LEGALIZADO;PREESCOLAR,BÁSICA PRIMARIA;EDUCACIÓN TRADICIONAL;0,1,2,3,4,5;;;;;;;;;;;;;;;;;;;;
CUNDINAMARCA;25;CUNDINAMARCA;25743;SILVANIA;125743000401;INSTITUCION EDUCATIVA DEPARTAMENTAL SANTA INES;225743000147;ESCUELA RURAL SAN JOSE LAS PALMAS;RURAL;VEREDA SAN JOSE;0;LEGALIZADO;PREESCOLAR,BÁSICA PRIMARIA;EDUCACIÓN TRADICIONAL;0,1,2,3,4,5;4.374783;-74.42896;1552.5;;;;;;;;;;;;;;;;;
CUNDINAMARCA;25;CUNDINAMARCA;25743;SILVANIA;125743000401;INSTITUCION EDUCATIVA DEPARTAMENTAL SANTA INES;225743000597;ESCUELA. RURAL LA PRADERA;RURAL;VEREDA SAN JOSE;0;LEGALIZADO;PREESCOLAR,BÁSICA PRIMARIA;EDUCACIÓN TRADICIONAL;0,1,2,3,4,5;;;;;;;;;;;;;;;;;;;;
CUNDINAMARCA;25;CUNDINAMARCA;25743;SILVANIA;125743000401;INSTITUCION EDUCATIVA DEPARTAMENTAL SANTA INES;225743000236;ESCUELA RURAL YAYATA BAJO;RURAL;VEREDA YAYATA;0;LEGALIZADO;PREESCOLAR,BÁSICA PRIMARIA;EDUCACIÓN TRADICIONAL;0,1,2,3,4,5;4.415056;-74.41481;1883.1;;;;;;;;;;;;;;;;;
CUNDINAMARCA;25;CUNDINAMARCA;25743;SILVANIA;125743000401;INSTITUCION EDUCATIVA DEPARTAMENTAL SANTA INES;225743000210;ESCUELA RURAL YAYATA CENTRAL;RURAL;VEREDA YAYATA;0;LEGALIZADO;PREESCOLAR,BÁSICA PRIMARIA;EDUCACIÓN TRADICIONAL;0,1,2,3,4,5;;;;;;;;;;;;;;;;;;;;
CUNDINAMARCA;25;CUNDINAMARCA;25743;SILVANIA;125743000401;INSTITUCION EDUCATIVA DEPARTAMENTAL SANTA INES;225743000627;ESCUELA RURAL SANTA ROSA;RURAL;VEREDA LOMA ALTA;0;LEGALIZADO;PREESCOLAR,BÁSICA PRIMARIA;EDUCACIÓN TRADICIONAL;0,1,2,3,4,5;;;;;;;;;;;;;;;;;;;;
CUNDINAMARCA;25;CUNDINAMARCA;25743;SILVANIA;125743000401;INSTITUCION EDUCATIVA DEPARTAMENTAL SANTA INES;125743000550;JARDIN INFANTIL  LAS  VILLAS;URBANA;CRA 2C # 10-11;8684012;LEGALIZADO;PREESCOLAR;EDUCACIÓN TRADICIONAL;0;;;;;;;;;;;;;;;;;;;;
CUNDINAMARCA;25;CUNDINAMARCA;25743;SILVANIA;125743000401;INSTITUCION EDUCATIVA DEPARTAMENTAL SANTA INES;125743000401;INSTITUCION EDUCATIVA DEPARTAMENTAL SANTA INÉS;URBANA;CALLE 8 # 7A-99;8684012;LEGALIZADO;BÁSICA SECUNDARIA,BÁSICA PRIMARIA,MEDIA VOCACIONAL;PROGRAMA PARA JÓVENES EN EXTRAEDAD Y ADULTOS,EDUCACIÓN TRADICIONAL,CAFAM;6,7,8,9,10,11,21,22,23,24,25,26;;;;;;;;;;;;;;;;;;;;
CUNDINAMARCA;25;CUNDINAMARCA;25743;SILVANIA;125743000401;INSTITUCION EDUCATIVA DEPARTAMENTAL SANTA INES;225743000163;ESCUELA RURAL SAN LUIS BAJO;RURAL;VEREDA SAN LUIS BAJO;0;LEGALIZADO;PREESCOLAR,BÁSICA PRIMARIA;EDUCACIÓN TRADICIONAL;0,1,2,3,4,5;;;;;;;;;;;;;;;;;;;;
CUNDINAMARCA;25;CUNDINAMARCA;25743;SILVANIA;125743000401;INSTITUCION EDUCATIVA DEPARTAMENTAL SANTA INES;125743000223;CONCENTRACION URBANA ANTONIA SANTOS;URBANA;CALLE 1 # 3-05;8684012;LEGALIZADO;BÁSICA PRIMARIA;EDUCACIÓN TRADICIONAL;1,2,3,4,5;;;;;;;;;;;;;;;;;;;;
CUNDINAMARCA;25;CUNDINAMARCA;25743;SILVANIA;125743000401;INSTITUCION EDUCATIVA DEPARTAMENTAL SANTA INES;225743000091;ESCUELA RURAL LOS PUENTES;RURAL;BARRIO LOS PUENTES;8684398;LEGALIZADO;PREESCOLAR,BÁSICA PRIMARIA;EDUCACIÓN TRADICIONAL;0,1,2,3,4,5;;;;;;;;;;;;;;;;;;;;
CUNDINAMARCA;25;CUNDINAMARCA;25743;SILVANIA;125743000401;INSTITUCION EDUCATIVA DEPARTAMENTAL SANTA INES;125743000177;ESCUELA URBANA JHON F KENNEDY;URBANA;BARRIO KENNEDY;8684012;LEGALIZADO;BÁSICA PRIMARIA;EDUCACIÓN TRADICIONAL;1,2,3,4,5;;;;;;;;;;;;;;;;;;;;
CUNDINAMARCA;25;CUNDINAMARCA;25743;SILVANIA;225743000562;INSTITUCIÓN EDUCATIVA RURAL DEPARTAMENTAL DE SUBIA;225743000198;ESCUELA RURAL AZAFRANAL SIMON BOLIVAR;RURAL;VEREDA AZAFRANAL;3144454736;LEGALIZADO;PREESCOLAR,BÁSICA PRIMARIA;EDUCACIÓN TRADICIONAL;0,1,2;;;;;;;;;;;;;;;;;;;;
CUNDINAMARCA;25;CUNDINAMARCA;25743;SILVANIA;225743000562;INSTITUCIÓN EDUCATIVA RURAL DEPARTAMENTAL DE SUBIA;225743000180;ESCUELA RURAL AZAFRANAL DIVINO NIÑO;RURAL;VEREDA AZAFRANAL;3144454736;LEGALIZADO;BÁSICA PRIMARIA;EDUCACIÓN TRADICIONAL;3,4,5;4.441537;-74.40096;2015.5;;;;;;;;;;;;;;;;;
CUNDINAMARCA;25;CUNDINAMARCA;25743;SILVANIA;225743000562;INSTITUCIÓN EDUCATIVA RURAL DEPARTAMENTAL DE SUBIA;225743000295;ESCUELA RURAL EL UVAL;RURAL;VEREDA QUEBRADA ONDA;3144454736;LEGALIZADO;PREESCOLAR,BÁSICA PRIMARIA;EDUCACIÓN TRADICIONAL;0,1,2,3,4,5;4.425538;-74.40207;1926.8;;;;;;;;;;;;;;;;;
CUNDINAMARCA;25;CUNDINAMARCA;25743;SILVANIA;225743000562;INSTITUCIÓN EDUCATIVA RURAL DEPARTAMENTAL DE SUBIA;225743000384;ESCUELA RURAL  NORUEGA ALTA;RURAL;VEREDA NORUEGA ALTA;3144454736;LEGALIZADO;PREESCOLAR,BÁSICA PRIMARIA;EDUCACIÓN TRADICIONAL;0,1,2,3,4,5;;;;;;;;;;;;;;;;;;;;
CUNDINAMARCA;25;CUNDINAMARCA;25743;SILVANIA;225743000562;INSTITUCIÓN EDUCATIVA RURAL DEPARTAMENTAL DE SUBIA;225743000376;ESCUELA RURAL NORUEGA BAJA;RURAL;VEREDA NORUEGA BAJA;3144454736;LEGALIZADO;PREESCOLAR,BÁSICA PRIMARIA;EDUCACIÓN TRADICIONAL;0,1,2,3,4,5;;;;;;;;;;;;;;;;;;;;
CUNDINAMARCA;25;CUNDINAMARCA;25743;SILVANIA;225743000562;INSTITUCIÓN EDUCATIVA RURAL DEPARTAMENTAL DE SUBIA;225743000139;ESCUELA RURAL QUEBRADA HONDA;RURAL;VEREDA QUEBRADA HONDA;3144454736;LEGALIZADO;PREESCOLAR,BÁSICA PRIMARIA;EDUCACIÓN TRADICIONAL;0,1,2,3,4,5;;;;;;;;;;;;;;;;;;;;
CUNDINAMARCA;25;CUNDINAMARCA;25743;SILVANIA;225743000562;INSTITUCIÓN EDUCATIVA RURAL DEPARTAMENTAL DE SUBIA;225743000287;ESCUELA  RURAL  SUBIA  ORIENTE;RURAL;VEREDA SUBIA  ORIENTAL;3144454736;LEGALIZADO;PREESCOLAR,BÁSICA PRIMARIA;EDUCACIÓN TRADICIONAL;0,1,2,3,4,5;;;;;;;;;;;;;;;;;;;;
CUNDINAMARCA;25;CUNDINAMARCA;25743;SILVANIA;225743000562;INSTITUCIÓN EDUCATIVA RURAL DEPARTAMENTAL DE SUBIA;225743000309;ESCUELA RURAL EL RETIRO;RURAL;VEREDA AZAFRANAL;3144454736;LEGALIZADO;PREESCOLAR,BÁSICA PRIMARIA;EDUCACIÓN TRADICIONAL;0,1,2,3,4,5;;;;;;;;;;;;;;;;;;;;
CUNDINAMARCA;25;CUNDINAMARCA;25743;SILVANIA;225743000562;INSTITUCIÓN EDUCATIVA RURAL DEPARTAMENTAL DE SUBIA;225743000325;ESCUELA RURAL BRISAS DEL SUBIA;RURAL;VEREDA BRISAS DEL SUBIA;3144454736;LEGALIZADO;PREESCOLAR,BÁSICA PRIMARIA;EDUCACIÓN TRADICIONAL;0,1,2;;;;;;;;;;;;;;;;;;;;
CUNDINAMARCA;25;CUNDINAMARCA;25743;SILVANIA;225743000562;INSTITUCIÓN EDUCATIVA RURAL DEPARTAMENTAL DE SUBIA;225743000279;ESCUELA  RURAL  SUBIA  CENTRAL;RURAL;SUBIA CENTRAL;3144454736;LEGALIZADO;BÁSICA PRIMARIA;EDUCACIÓN TRADICIONAL;1,2,3,4,5;;;;;;;;;;;;;;;;;;;;
CUNDINAMARCA;25;CUNDINAMARCA;25743;SILVANIA;225743000562;INSTITUCIÓN EDUCATIVA RURAL DEPARTAMENTAL DE SUBIA;225743000520;ESCUELA  RURAL SUBIA CARBONERA;RURAL;VEREDA SUBIA CARBONERA;3144454736;LEGALIZADO;PREESCOLAR,BÁSICA PRIMARIA;EDUCACIÓN TRADICIONAL;0,1,2,3,4,5;;;;;;;;;;;;;;;;;;;;
CUNDINAMARCA;25;CUNDINAMARCA;25743;SILVANIA;225743000562;INSTITUCIÓN EDUCATIVA RURAL DEPARTAMENTAL DE SUBIA;225743000317;ESCUELA RURAL SUBIA PEDREGAL;RURAL;SUBIA  PEDREGAL;3144454736;LEGALIZADO;PREESCOLAR,BÁSICA PRIMARIA;EDUCACIÓN TRADICIONAL;0,1,2,3,4,5;;;;;;;;;;;;;;;;;;;;
CUNDINAMARCA;25;CUNDINAMARCA;25743;SILVANIA;225743000562;INSTITUCIÓN EDUCATIVA RURAL DEPARTAMENTAL DE SUBIA;225743000601;ESCUELA  RURAL  SUBIA  NORTE;RURAL;VEREDA SUBIA NORTE;3144454736;LEGALIZADO;PREESCOLAR,BÁSICA PRIMARIA;EDUCACIÓN TRADICIONAL;0,1,2,3,4,5;;;;;;;;;;;;;;;;;;;;
CUNDINAMARCA;25;CUNDINAMARCA;25743;SILVANIA;225743000562;INSTITUCIÓN EDUCATIVA RURAL DEPARTAMENTAL DE SUBIA;225743000431;ESCUELA  RURAL  SUBIA  ALTA;RURAL;VEREDA SUBIA  ALTA;3144454736;LEGALIZADO;PREESCOLAR,BÁSICA PRIMARIA;EDUCACIÓN TRADICIONAL;0,1,2,3,4,5;;;;;;;;;;;;;;;;;;;;
CUNDINAMARCA;25;CUNDINAMARCA;25805;TIBACUY;225805000289;INSTITUCION EDUCATIVA DEPARTAMENTAL BATEAS;225805000041;ESCUELA RURAL  EL MANGO;RURAL;VEREDA EL MANGO;8668158;LEGALIZADO;PREESCOLAR,BÁSICA PRIMARIA;EDUCACIÓN TRADICIONAL;0,1,2,3,4,5;4.296152;-74.53087;1039.9;;;;;;;;;;;;;;;;;
CUNDINAMARCA;25;CUNDINAMARCA;25805;TIBACUY;225805000289;INSTITUCION EDUCATIVA DEPARTAMENTAL BATEAS;225805000050;ESCUELA RURAL BUENAVISTA;RURAL;VEREDA EL CAIRO;8668158;LEGALIZADO;PREESCOLAR,BÁSICA PRIMARIA;EDUCACIÓN TRADICIONAL;0,1,2,3,4,5;4.301786;-74.49217;989.3;;;;;;;;;;;;;;;;;
CUNDINAMARCA;25;CUNDINAMARCA;25805;TIBACUY;225805000289;INSTITUCION EDUCATIVA DEPARTAMENTAL BATEAS;225805000271;ESCUELA  RURAL MANUAL AYA   CAICEDO;RURAL;BATEAS;8668158;LEGALIZADO;PREESCOLAR,BÁSICA PRIMARIA;EDUCACIÓN TRADICIONAL;0,1,2,3,4,5;4.315145;-74.5153;1256;;;;;;;;;;;;;;;;;
CUNDINAMARCA;25;CUNDINAMARCA;25805;TIBACUY;225805000289;INSTITUCION EDUCATIVA DEPARTAMENTAL BATEAS;225805000181;ESCUELA RURAL LA VEGA;RURAL;VEREDA LA VEGA;;LEGALIZADO;PREESCOLAR,BÁSICA PRIMARIA;EDUCACIÓN TRADICIONAL;0,1,2,3,4,5;4.311179;-74.45285;905;;;bien;;;;;;;;;;;;;;
CUNDINAMARCA;25;CUNDINAMARCA;25805;TIBACUY;125805000012;INSTITUCION EDUCATIVA DEPARTAMENTAL TECNICO COMERCIAL DE TIBACUY;125805000012;INSITUCION EDUCATIVA DEPTAL TECNICO COMERCIAL DE TIBACUY;URBANA;CARRERA 4 NO. 4-27;8668069;LEGALIZADO;BÁSICA SECUNDARIA,BÁSICA PRIMARIA,MEDIA VOCACIONAL;PROGRAMA PARA JÓVENES EN EXTRAEDAD Y ADULTOS,EDUCACIÓN TRADICIONAL;6,7,8,9,10,11,21,22,23,24,25,26;;;;;;;;;;;;;;;;;;;;
CUNDINAMARCA;25;CUNDINAMARCA;25805;TIBACUY;125805000012;INSTITUCION EDUCATIVA DEPARTAMENTAL TECNICO COMERCIAL DE TIBACUY;225805000157;ESCUELA RURAL LA PORTADA;RURAL;VEREDA LA PORTADA;8668069;LEGALIZADO;PREESCOLAR,BÁSICA PRIMARIA;EDUCACIÓN TRADICIONAL;0,1,2,3,4,5;4.355009;-74.42404;1205.3;;;repetido;;;;;;;;;;;;;;
CUNDINAMARCA;25;CUNDINAMARCA;25805;TIBACUY;125805000012;INSTITUCION EDUCATIVA DEPARTAMENTAL TECNICO COMERCIAL DE TIBACUY;225805000149;ESCUELA RURAL SAN JOSE;RURAL;VEREDA SAN JOSE DE TIBACUY;8668069;LEGALIZADO;PREESCOLAR,BÁSICA PRIMARIA;EDUCACIÓN TRADICIONAL;0,1,2,3,4,5;4.366697;-74.44927;1864.9;;;no esta;;;;;;;;;;;;;;
CUNDINAMARCA;25;CUNDINAMARCA;25805;TIBACUY;125805000012;INSTITUCION EDUCATIVA DEPARTAMENTAL TECNICO COMERCIAL DE TIBACUY;125805000110;ESCUELA URBANA  SAN JUAN BOSCO;URBANA;CARRERA  4 NO. 4-22;8668069;LEGALIZADO;PREESCOLAR,BÁSICA PRIMARIA;EDUCACIÓN TRADICIONAL;0,1,2,3,4,5;;;;;;;;;;;;;;;;;;;;
CUNDINAMARCA;25;CUNDINAMARCA;25805;TIBACUY;225805000211;INSTITUCION EDUCATIVA  DEPARTAMENTAL TECNICO AGROPECUARIO CALANDAIMA;225805000084;ESCUELA RURAL  ALBANIA;RURAL;CUMACA VEREDA ALBANIA;8668158;LEGALIZADO;PREESCOLAR,BÁSICA PRIMARIA;EDUCACIÓN TRADICIONAL;0,1,2,3,4,5;4.340608;-74.5029;1797.1;;;;;;;;;;;;;;;;;
CUNDINAMARCA;25;CUNDINAMARCA;25805;TIBACUY;225805000211;INSTITUCION EDUCATIVA  DEPARTAMENTAL TECNICO AGROPECUARIO CALANDAIMA;225805000203;ESCUELA RURAL  LA CAJITA;RURAL;CUMACA VEREDA LA CAJITA;8668158;LEGALIZADO;PREESCOLAR,BÁSICA PRIMARIA;EDUCACIÓN TRADICIONAL;0,1,2,3,4,5;4.346869;-74.49323;1634.5;;;;;;;;;;;;;;;;;
CUNDINAMARCA;25;CUNDINAMARCA;25805;TIBACUY;225805000211;INSTITUCION EDUCATIVA  DEPARTAMENTAL TECNICO AGROPECUARIO CALANDAIMA;225805000033;ESCUELA RURAL   CAPOTES;RURAL;CUMACA VEREDA  CAPOTES;8668158;LEGALIZADO;PREESCOLAR,BÁSICA PRIMARIA;EDUCACIÓN TRADICIONAL;0,1,2,3,4,5;4.313475;-74.48039;1325.8;;;;;;;;;;;;;;;;;
CUNDINAMARCA;25;CUNDINAMARCA;25805;TIBACUY;225805000211;INSTITUCION EDUCATIVA  DEPARTAMENTAL TECNICO AGROPECUARIO CALANDAIMA;225805000211;COLEGIO  DEPARTAMENTAL CALANDAIMA;URBANA;CUMACA VEREDA CALANDAIMA;8668158;LEGALIZADO;BÁSICA SECUNDARIA,MEDIA VOCACIONAL;EDUCACIÓN TRADICIONAL;6,7,8,9,10,11;;;;;;;;;;;;;;;;;;;;
CUNDINAMARCA;25;CUNDINAMARCA;25805;TIBACUY;225805000211;INSTITUCION EDUCATIVA  DEPARTAMENTAL TECNICO AGROPECUARIO CALANDAIMA;225805000076;ESCUELA RURAL  MARCO FIDEL SUAREZ;RURAL;CUMCA CENTRO;8668158;LEGALIZADO;PREESCOLAR,BÁSICA PRIMARIA;EDUCACIÓN TRADICIONAL;0,1,2,3,4,5;4.346035;-74.46883;1656.7;;;;;;;;;;;;;;;;;
CUNDINAMARCA;25;CUNDINAMARCA;25805;TIBACUY;225805000211;INSTITUCION EDUCATIVA  DEPARTAMENTAL TECNICO AGROPECUARIO CALANDAIMA;225805000122;ESCUELA RURAL SAN FRANCISCO;RURAL;CUMACA VEREDA CALANDAIMA;8668158;LEGALIZADO;PREESCOLAR,BÁSICA PRIMARIA;EDUCACIÓN TRADICIONAL;0,1,2,3,4,5;4.336016;-74.47935;1392.3;;;;;;;;;;;;;;;;;
CUNDINAMARCA;25;CUNDINAMARCA;25805;TIBACUY;225805000211;INSTITUCION EDUCATIVA  DEPARTAMENTAL TECNICO AGROPECUARIO CALANDAIMA;225805000173;ESCUELA RURAL EL OCOBO;RURAL;CUMACA VERDA SAN FRANCISCO;8668158;LEGALIZADO;PREESCOLAR,BÁSICA PRIMARIA;EDUCACIÓN TRADICIONAL;0,1,2,3,4,5;4.348748;-74.48019;1577.3;;;;;;;;;;;;;;;;;
CUNDINAMARCA;25;CUNDINAMARCA;25805;TIBACUY;225805000289;INSTITUCION EDUCATIVA DEPARTAMENTAL BATEAS;225805000289;COLEGIO DEPARTAMENTAL DE LA INSPECCION DE BATEAS ANEXO AL COLEGIO DEPARTAMENTAL DE TIBACUY;RURAL;TIBACUY;8668158;LEGALIZADO;BÁSICA SECUNDARIA,BÁSICA PRIMARIA,MEDIA VOCACIONAL;PROGRAMA PARA JÓVENES EN EXTRAEDAD Y ADULTOS,EDUCACIÓN TRADICIONAL;6,7,8,9,10,11,21,22,23,24,25,26;4.346243;-74.45453;1617.1;;;;;;;;;;;;;;;;;
CUNDINAMARCA;25;CUNDINAMARCA;25805;TIBACUY;225805000289;INSTITUCION EDUCATIVA DEPARTAMENTAL BATEAS;225805000092;ESCUELA RURAL SAMPER MADRID;RURAL;INSPECCION BATEAS;8668158;LEGALIZADO;PREESCOLAR,BÁSICA PRIMARIA;EDUCACIÓN TRADICIONAL;0,1,2,3,4,5;;;;;;;;;;;;;;;;;;;;
CUNDINAMARCA;25;CUNDINAMARCA;25805;TIBACUY;225805000289;INSTITUCION EDUCATIVA DEPARTAMENTAL BATEAS;225805000238;ESCUELA RURAL PIEDRANCHA;RURAL;VEREDA PIEDRANCHA VEREDA PIEDRANCHA;8668158;LEGALIZADO;PREESCOLAR,BÁSICA PRIMARIA;EDUCACIÓN TRADICIONAL;0,1,2,3,4,5;4.275697;-74.54559;715.8;;;;;;;;;;;;;;;;;
CUNDINAMARCA;25;CUNDINAMARCA;25805;TIBACUY;125805000012;INSTITUCION EDUCATIVA DEPARTAMENTAL TECNICO COMERCIAL DE TIBACUY;225805000190;ESCUELA RURAL CARACOLI;URBANA;SIN DIRECCION;8668069;POR APROBAR;PREESCOLAR,BÁSICA PRIMARIA;EDUCACIÓN TRADICIONAL;0,1,2,3,4,5;;;;;;;;;;;;;;;;;;;;
CUNDINAMARCA;25;CUNDINAMARCA;25506;VENECIA;125506000197;INSTITUCION EDUCATIVA DEPARTAMENTAL VENECIA;125506000014;ESCUELA URBANA ANTONIO NARIÑO;URBANA;VENECIA CENTRO;8681208;LEGALIZADO;BÁSICA SECUNDARIA,BÁSICA PRIMARIA,MEDIA VOCACIONAL;EDUCACIÓN TRADICIONAL;1,2,3,4,5,24,25;;;;;;;;;;;;;;;;;;;;
CUNDINAMARCA;25;CUNDINAMARCA;25506;VENECIA;125506000197;INSTITUCION EDUCATIVA DEPARTAMENTAL VENECIA;225506000094;ESCUELA RURAL ATANASIO GIRARDOT;RURAL;VEREDA SABANETA ALTA;8681208;LEGALIZADO;PREESCOLAR,BÁSICA PRIMARIA;EDUCACIÓN TRADICIONAL;0,1,2,3,4,5;4.089879;-74.44977;1968.8;;;;;;;;;;;;;;;;;
CUNDINAMARCA;25;CUNDINAMARCA;25506;VENECIA;125506000197;INSTITUCION EDUCATIVA DEPARTAMENTAL VENECIA;225506000086;ESCUELA RURAL JHON F. KENNEDY;RURAL;EL DIAMANTE;8681208;LEGALIZADO;PREESCOLAR,BÁSICA PRIMARIA;EDUCACIÓN TRADICIONAL;0,1,2,3,4,5;4.092806;-74.46577;1595.6;;;;;;;;;;;;;;;;;
CUNDINAMARCA;25;CUNDINAMARCA;25506;VENECIA;125506000197;INSTITUCION EDUCATIVA DEPARTAMENTAL VENECIA;225506000221;ESCUELA RURAL LA CHORRERA;RURAL;VEREDA LA CHORRERA;8681208;LEGALIZADO;PREESCOLAR,BÁSICA PRIMARIA;EDUCACIÓN TRADICIONAL;0,1,2,3,4,5;4.100688;-74.47569;1473.7;;;;;;;;;;;;;;;;;
CUNDINAMARCA;25;CUNDINAMARCA;25506;VENECIA;125506000197;INSTITUCION EDUCATIVA DEPARTAMENTAL VENECIA;225506000108;ESCUELA RURAL JORGE TADEO LOZANO;RURAL;VEREDA SABANETA BAJA;8681208;LEGALIZADO;PREESCOLAR,BÁSICA PRIMARIA;EDUCACIÓN TRADICIONAL;0,1,2,3,4,5;4.090329;-74.45563;1939.1;;;;;;;;;;;;;;;;;
CUNDINAMARCA;25;CUNDINAMARCA;25506;VENECIA;125506000197;INSTITUCION EDUCATIVA DEPARTAMENTAL VENECIA;125506000022;CONCENTRACION URBANA GENERAL SANTANDER;URBANA;VENECIA CENTRO;8681208;LEGALIZADO;PREESCOLAR;EDUCACIÓN TRADICIONAL;0;;;;;;;;;;;;;;;;;;;;
CUNDINAMARCA;25;CUNDINAMARCA;25506;VENECIA;125506000197;INSTITUCION EDUCATIVA DEPARTAMENTAL VENECIA;125506000197;INSTITUCION EDUCATIVA  DEPARTAMENTAL VENECIA;URBANA;CALLE 4 # 5-55;8681208;LEGALIZADO;BÁSICA SECUNDARIA,BÁSICA PRIMARIA,MEDIA VOCACIONAL;PROGRAMA PARA JÓVENES EN EXTRAEDAD Y ADULTOS,EDUCACIÓN TRADICIONAL,CAFAM;6,7,8,9,10,11,22,23,24,25,26;;;;;;;;;;;;;;;;;;;;
CUNDINAMARCA;25;CUNDINAMARCA;25506;VENECIA;125506000197;INSTITUCION EDUCATIVA DEPARTAMENTAL VENECIA;225506000256;ESCUELA RURAL HUNGRIA;RURAL;VEREDA LAS MERCEDES;3208254182;LEGALIZADO;PREESCOLAR,BÁSICA PRIMARIA;EDUCACIÓN TRADICIONAL;0,1,2,3,4,5;4.056098;-74.41258;2797.5;;;;;;;;;;;;;;;;;
CUNDINAMARCA;25;CUNDINAMARCA;25506;VENECIA;125506000197;INSTITUCION EDUCATIVA DEPARTAMENTAL VENECIA;225506000141;ESCUELA RURAL EL TIMBRIO;RURAL;VEREDA BUENOS AIRES;3208254182;LEGALIZADO;PREESCOLAR,BÁSICA PRIMARIA;EDUCACIÓN TRADICIONAL;0,1,2,3,4,5;4.071187;-74.45856;2110.1;;;;;;;;;;;;;;;;;
CUNDINAMARCA;25;CUNDINAMARCA;25506;VENECIA;125506000197;INSTITUCION EDUCATIVA DEPARTAMENTAL VENECIA;225506000078;ESCUELA RURAL SAN CRISTOBAL;RURAL;VEREDA SAN CRISTOBAL;8681208;LEGALIZADO;PREESCOLAR,BÁSICA PRIMARIA;EDUCACIÓN TRADICIONAL;0,1,2,3,4,5;4.070511;-74.48877;1890;;;;;;;;;;;;;;;;;
CUNDINAMARCA;25;CUNDINAMARCA;25506;VENECIA;125506000197;INSTITUCION EDUCATIVA DEPARTAMENTAL VENECIA;225506000060;ESCUELA RURAL SAN ANTONIO;RURAL;VEREDA SAN ANTONIO;3208254182;LEGALIZADO;PREESCOLAR,BÁSICA PRIMARIA;EDUCACIÓN TRADICIONAL;0,1,2,3,4,5;4.055648;-74.48426;2353.5;;;;;;;;;;;;;;;;;
CUNDINAMARCA;25;CUNDINAMARCA;25506;VENECIA;125506000197;INSTITUCION EDUCATIVA DEPARTAMENTAL VENECIA;225506000051;ESCUELA RURAL QUEBRADAGRANDE;RURAL;VEREDA QUEBRADAGRANDE;8681208;LEGALIZADO;PREESCOLAR,BÁSICA PRIMARIA;EDUCACIÓN TRADICIONAL;0,1,2,3,4,5;4.065557;-74.50342;1881.3;;;;;;;;;;;;;;;;;
CUNDINAMARCA;25;CUNDINAMARCA;25506;VENECIA;125506000197;INSTITUCION EDUCATIVA DEPARTAMENTAL VENECIA;225506000248;ESCUELA RURAL PALMAR BAJO;RURAL;VEREDA PALMAR BAJO;3208254182;LEGALIZADO;PREESCOLAR,BÁSICA PRIMARIA;EDUCACIÓN TRADICIONAL;0,1,2,3,4,5;4.091455;-74.41732;2420.6;;;;;;;;;;;;;;;;;
CUNDINAMARCA;25;CUNDINAMARCA;25506;VENECIA;125506000197;INSTITUCION EDUCATIVA DEPARTAMENTAL VENECIA;225506000281;ESCUELA RURAL PALMAR ALTO;RURAL;VEREDA PALMAR ALTO;3208254182;LEGALIZADO;PREESCOLAR,BÁSICA PRIMARIA;EDUCACIÓN TRADICIONAL;0,1,2,3,4,5;4.091455;-74.43648;2346.7;;;;;;;;;;;;;;;;;
CUNDINAMARCA;25;CUNDINAMARCA;25506;VENECIA;125506000197;INSTITUCION EDUCATIVA DEPARTAMENTAL VENECIA;225506000183;ESCUELA RURAL AGUA DULCE;RURAL;AGUA DULCE;8681208;LEGALIZADO;PREESCOLAR,BÁSICA PRIMARIA;EDUCACIÓN TRADICIONAL;0,1,2,3,4,5;4.078168;-74.4793;1921.5;;;;;;;;;;;;;;;;;
CUNDINAMARCA;25;CUNDINAMARCA;25506;VENECIA;125506000197;INSTITUCION EDUCATIVA DEPARTAMENTAL VENECIA;225506000159;ESCUELA RURAL CAMILO TORRES;RURAL;VEREDA LA REFORMA;8681208;LEGALIZADO;PREESCOLAR,BÁSICA PRIMARIA;EDUCACIÓN TRADICIONAL;0,1,2,3,4,5;;;;;;;;;;;;;;;;;;;;
CUNDINAMARCA;25;CUNDINAMARCA;25506;VENECIA;125506000197;INSTITUCION EDUCATIVA DEPARTAMENTAL VENECIA;225506000035;ESCUELA RURAL APOSENTOS;RURAL;VEREDA APOSENTOS;8681208;LEGALIZADO;PREESCOLAR,BÁSICA PRIMARIA;EDUCACIÓN TRADICIONAL;0,1,2,3,4,5;4.028849;-74.51492;1896.6;;;;;;;;;;;;;;;;;
CUNDINAMARCA;25;CUNDINAMARCA;25506;VENECIA;125506000197;INSTITUCION EDUCATIVA DEPARTAMENTAL VENECIA;225506000116;ESCUELA RURAL SANTA  BARBARA;RURAL;VEREDA LAS MERCEDES;3208254182;LEGALIZADO;PREESCOLAR,BÁSICA PRIMARIA;EDUCACIÓN TRADICIONAL;0,1,2,3,4,5;;;;;;;;;;;;;;;;;;;;
CUNDINAMARCA;25;CUNDINAMARCA;25506;VENECIA;125506000197;INSTITUCION EDUCATIVA DEPARTAMENTAL VENECIA;225506000264;ESCUELA RURAL LAS BRISAS;RURAL;VEREDA PALMAR ALTO;3208254182;LEGALIZADO;PREESCOLAR,BÁSICA PRIMARIA;EDUCACIÓN TRADICIONAL;0,1,2,3,4,5;;;;;;;;;;;;;;;;;;;;
